County_,Pollutant_,Year_,Daily Max 1-hour SO2 Concentration_mean,Daily Max 1-hour SO2 Concentration_median,Daily Max 1-hour SO2 Concentration_<lambda_0>,Daily Max 1-hour SO2 Concentration_<lambda_1>,Daily Max 1-hour SO2 Concentration_<lambda_2>,Daily Max 8-hour Ozone Concentration_mean,Daily Max 8-hour Ozone Concentration_median,Daily Max 8-hour Ozone Concentration_<lambda_0>,Daily Max 8-hour Ozone Concentration_<lambda_1>,Daily Max 8-hour Ozone Concentration_<lambda_2>,Daily Max 8-hour CO Concentration_mean,Daily Max 8-hour CO Concentration_median,Daily Max 8-hour CO Concentration_<lambda_0>,Daily Max 8-hour CO Concentration_<lambda_1>,Daily Max 8-hour CO Concentration_<lambda_2>,Daily Mean PM2.5 Concentration_mean,Daily Mean PM2.5 Concentration_median,Daily Mean PM2.5 Concentration_<lambda_0>,Daily Mean PM2.5 Concentration_<lambda_1>,Daily Mean PM2.5 Concentration_<lambda_2>,Daily Mean PM10 Concentration_mean,Daily Mean PM10 Concentration_median,Daily Mean PM10 Concentration_<lambda_0>,Daily Mean PM10 Concentration_<lambda_1>,Daily Mean PM10 Concentration_<lambda_2>
Berkeley,Ozone,2018,4.524664125245198,4.524664125245198,4.524664125245198,4.524664125245198,4.524664125245198,0.03866942148760331,0.039,0.031,0.039,0.047,0.2687698592827961,0.2687698592827961,0.2687698592827961,0.2687698592827961,0.2687698592827961,7.983177516158818,7.983177516158818,7.983177516158818,7.983177516158818,7.983177516158818,15.00196377918394,15.00196377918394,15.00196377918394,15.00196377918394,15.00196377918394
Berkeley,Ozone,2019,4.524664125245198,4.524664125245198,4.524664125245198,4.524664125245198,4.524664125245198,0.040875518672199164,0.042,0.036,0.042,0.047,0.2687698592827962,0.2687698592827961,0.2687698592827961,0.2687698592827961,0.2687698592827961,7.983177516158818,7.983177516158818,7.983177516158818,7.983177516158818,7.983177516158818,15.00196377918394,15.00196377918394,15.00196377918394,15.00196377918394,15.00196377918394
Berkeley,Ozone,2020,4.524664125245198,4.524664125245198,4.524664125245198,4.524664125245198,4.524664125245198,0.03855416666666667,0.039,0.033,0.039,0.045,0.2687698592827961,0.2687698592827961,0.2687698592827961,0.2687698592827961,0.2687698592827961,7.983177516158818,7.983177516158818,7.983177516158818,7.983177516158818,7.983177516158818,15.00196377918394,15.00196377918394,15.00196377918394,15.00196377918394,15.00196377918394
Berkeley,Ozone,2021,4.524664125245198,4.524664125245198,4.524664125245198,4.524664125245198,4.524664125245198,0.040629955947136566,0.041,0.0345,0.041,0.047,0.2687698592827961,0.2687698592827961,0.2687698592827961,0.2687698592827961,0.2687698592827961,7.983177516158818,7.983177516158818,7.983177516158818,7.983177516158818,7.983177516158818,15.00196377918394,15.00196377918394,15.00196377918394,15.00196377918394,15.00196377918394
Berkeley,Ozone,2022,4.524664125245198,4.524664125245198,4.524664125245198,4.524664125245198,4.524664125245198,0.03858260869565218,0.039,0.034,0.039,0.044,0.2687698592827961,0.2687698592827961,0.2687698592827961,0.2687698592827961,0.2687698592827961,7.983177516158818,7.983177516158818,7.983177516158818,7.983177516158818,7.983177516158818,15.00196377918394,15.00196377918394,15.00196377918394,15.00196377918394,15.00196377918394
Berkeley,Ozone,2023,4.524664125245198,4.524664125245198,4.524664125245198,4.524664125245198,4.524664125245198,0.044822314049586774,0.045,0.039,0.045,0.051,0.2687698592827961,0.2687698592827961,0.2687698592827961,0.2687698592827961,0.2687698592827961,7.983177516158818,7.983177516158818,7.983177516158818,7.983177516158818,7.983177516158818,15.00196377918394,15.00196377918394,15.00196377918394,15.00196377918394,15.00196377918394
Berkeley,Ozone,2024,4.524664125245198,4.524664125245198,4.524664125245198,4.524664125245198,4.524664125245198,0.04371836734693878,0.045,0.037,0.045,0.051,0.2687698592827961,0.2687698592827961,0.2687698592827961,0.2687698592827961,0.2687698592827961,7.983177516158818,7.983177516158818,7.983177516158818,7.983177516158818,7.983177516158818,15.00196377918394,15.00196377918394,15.00196377918394,15.00196377918394,15.00196377918394
Berkeley,PM25,2018,4.524664125245198,4.524664125245198,4.524664125245198,4.524664125245198,4.524664125245198,0.03970069432489811,0.0397006943248981,0.0397006943248981,0.0397006943248981,0.0397006943248981,0.2687698592827961,0.2687698592827961,0.2687698592827961,0.2687698592827961,0.2687698592827961,8.10608695652174,7.1,4.45,7.1,9.8,15.00196377918394,15.00196377918394,15.00196377918394,15.00196377918394,15.00196377918394
Berkeley,PM25,2019,4.524664125245198,4.524664125245198,4.524664125245198,4.524664125245198,4.524664125245198,0.03970069432489811,0.0397006943248981,0.0397006943248981,0.0397006943248981,0.0397006943248981,0.2687698592827961,0.2687698592827961,0.2687698592827961,0.2687698592827961,0.2687698592827961,8.83391304347826,7.6,4.9,7.6,10.149999999999999,15.00196377918394,15.00196377918394,15.00196377918394,15.00196377918394,15.00196377918394
Berkeley,PM25,2020,4.524664125245199,4.524664125245198,4.524664125245198,4.524664125245198,4.524664125245198,0.0397006943248981,0.0397006943248981,0.0397006943248981,0.0397006943248981,0.0397006943248981,0.2687698592827961,0.2687698592827961,0.2687698592827961,0.2687698592827961,0.2687698592827961,7.483898305084746,6.35,4.4,6.35,9.2,15.00196377918394,15.00196377918394,15.00196377918394,15.00196377918394,15.00196377918394
Berkeley,PM25,2021,4.524664125245198,4.524664125245198,4.524664125245198,4.524664125245198,4.524664125245198,0.0397006943248981,0.0397006943248981,0.0397006943248981,0.0397006943248981,0.0397006943248981,0.2687698592827961,0.2687698592827961,0.2687698592827961,0.2687698592827961,0.2687698592827961,8.770689655172413,7.3,5.175,7.3,11.55,15.00196377918394,15.00196377918394,15.00196377918394,15.00196377918394,15.00196377918394
Berkeley,PM25,2022,4.524664125245198,4.524664125245198,4.524664125245198,4.524664125245198,4.524664125245198,0.0397006943248981,0.0397006943248981,0.0397006943248981,0.0397006943248981,0.0397006943248981,0.2687698592827961,0.2687698592827961,0.2687698592827961,0.2687698592827961,0.2687698592827961,8.177310924369747,7.6,4.9,7.6,10.25,15.00196377918394,15.00196377918394,15.00196377918394,15.00196377918394,15.00196377918394
Berkeley,PM25,2023,4.524664125245198,4.524664125245198,4.524664125245198,4.524664125245198,4.524664125245198,0.0397006943248981,0.0397006943248981,0.0397006943248981,0.0397006943248981,0.0397006943248981,0.2687698592827961,0.2687698592827961,0.2687698592827961,0.2687698592827961,0.2687698592827961,10.314423076923077,8.350000000000001,5.55,8.350000000000001,10.925,15.00196377918394,15.00196377918394,15.00196377918394,15.00196377918394,15.00196377918394
Berkeley,PM25,2024,4.524664125245198,4.524664125245198,4.524664125245198,4.524664125245198,4.524664125245198,0.0397006943248981,0.0397006943248981,0.0397006943248981,0.0397006943248981,0.0397006943248981,0.2687698592827961,0.2687698592827961,0.2687698592827961,0.2687698592827961,0.2687698592827961,7.463953488372093,6.75,4.2,6.75,9.25,15.00196377918394,15.00196377918394,15.00196377918394,15.00196377918394,15.00196377918394
Brooke,PM10,2018,4.524664125245198,4.524664125245198,4.524664125245198,4.524664125245198,4.524664125245198,0.0397006943248981,0.0397006943248981,0.0397006943248981,0.0397006943248981,0.0397006943248981,0.2687698592827961,0.2687698592827961,0.2687698592827961,0.2687698592827961,0.2687698592827961,7.983177516158818,7.983177516158818,7.983177516158818,7.983177516158818,7.983177516158818,15.297222222222222,13.0,9.0,13.0,20.0
Brooke,PM10,2019,4.524664125245198,4.524664125245198,4.524664125245198,4.524664125245198,4.524664125245198,0.0397006943248981,0.0397006943248981,0.0397006943248981,0.0397006943248981,0.0397006943248981,0.2687698592827961,0.2687698592827961,0.2687698592827961,0.2687698592827961,0.2687698592827961,7.983177516158819,7.983177516158818,7.983177516158818,7.983177516158818,7.983177516158818,16.11173184357542,15.0,10.0,15.0,20.0
Brooke,PM10,2020,4.524664125245198,4.524664125245198,4.524664125245198,4.524664125245198,4.524664125245198,0.0397006943248981,0.0397006943248981,0.0397006943248981,0.0397006943248981,0.0397006943248981,0.2687698592827961,0.2687698592827961,0.2687698592827961,0.2687698592827961,0.2687698592827961,7.983177516158818,7.983177516158818,7.983177516158818,7.983177516158818,7.983177516158818,14.628415300546449,13.0,9.0,13.0,19.0
Brooke,PM10,2021,4.524664125245198,4.524664125245198,4.524664125245198,4.524664125245198,4.524664125245198,0.0397006943248981,0.0397006943248981,0.0397006943248981,0.0397006943248981,0.0397006943248981,0.2687698592827961,0.2687698592827961,0.2687698592827961,0.2687698592827961,0.2687698592827961,7.983177516158818,7.983177516158818,7.983177516158818,7.983177516158818,7.983177516158818,17.477900552486187,15.0,10.0,15.0,23.0
Brooke,PM10,2022,4.524664125245198,4.524664125245198,4.524664125245198,4.524664125245198,4.524664125245198,0.0397006943248981,0.0397006943248981,0.0397006943248981,0.0397006943248981,0.0397006943248981,0.2687698592827961,0.2687698592827961,0.2687698592827961,0.2687698592827961,0.2687698592827961,7.983177516158818,7.983177516158818,7.983177516158818,7.983177516158818,7.983177516158818,15.672176308539944,15.0,12.0,15.0,19.0
Brooke,PM10,2023,4.524664125245198,4.524664125245198,4.524664125245198,4.524664125245198,4.524664125245198,0.0397006943248981,0.0397006943248981,0.0397006943248981,0.0397006943248981,0.0397006943248981,0.2687698592827961,0.2687698592827961,0.2687698592827961,0.2687698592827961,0.2687698592827961,7.983177516158818,7.983177516158818,7.983177516158818,7.983177516158818,7.983177516158818,18.73961218836565,16.0,11.0,16.0,22.0
Brooke,PM10,2024,4.524664125245198,4.524664125245198,4.524664125245198,4.524664125245198,4.524664125245198,0.0397006943248981,0.0397006943248981,0.0397006943248981,0.0397006943248981,0.0397006943248981,0.2687698592827961,0.2687698592827961,0.2687698592827961,0.2687698592827961,0.2687698592827961,7.983177516158819,7.983177516158818,7.983177516158818,7.983177516158818,7.983177516158818,14.766423357664234,13.5,10.0,13.5,19.0
Brooke,PM25,2018,4.524664125245198,4.524664125245198,4.524664125245198,4.524664125245198,4.524664125245198,0.0397006943248981,0.0397006943248981,0.0397006943248981,0.0397006943248981,0.0397006943248981,0.2687698592827961,0.2687698592827961,0.2687698592827961,0.2687698592827961,0.2687698592827961,8.687640449438202,7.8,5.5,7.8,11.05,15.00196377918394,15.00196377918394,15.00196377918394,15.00196377918394,15.00196377918394
Brooke,PM25,2019,4.524664125245198,4.524664125245198,4.524664125245198,4.524664125245198,4.524664125245198,0.0397006943248981,0.0397006943248981,0.0397006943248981,0.0397006943248981,0.0397006943248981,0.2687698592827961,0.2687698592827961,0.2687698592827961,0.2687698592827961,0.2687698592827961,9.513257575757576,9.0,6.375,9.0,11.3,15.00196377918394,15.00196377918394,15.00196377918394,15.00196377918394,15.00196377918394
Brooke,PM25,2020,4.524664125245198,4.524664125245198,4.524664125245198,4.524664125245198,4.524664125245198,0.0397006943248981,0.0397006943248981,0.0397006943248981,0.0397006943248981,0.0397006943248981,0.2687698592827961,0.2687698592827961,0.2687698592827961,0.2687698592827961,0.2687698592827961,7.872932330827067,7.4,5.5,7.4,9.5,15.00196377918394,15.00196377918394,15.00196377918394,15.00196377918394,15.00196377918394
Brooke,PM25,2021,4.524664125245198,4.524664125245198,4.524664125245198,4.524664125245198,4.524664125245198,0.0397006943248981,0.0397006943248981,0.0397006943248981,0.0397006943248981,0.0397006943248981,0.2687698592827961,0.2687698592827961,0.2687698592827961,0.2687698592827961,0.2687698592827961,9.347876447876448,8.5,5.7,8.5,11.8,15.00196377918394,15.00196377918394,15.00196377918394,15.00196377918394,15.00196377918394
Brooke,PM25,2022,4.524664125245198,4.524664125245198,4.524664125245198,4.524664125245198,4.524664125245198,0.0397006943248981,0.0397006943248981,0.0397006943248981,0.0397006943248981,0.0397006943248981,0.2687698592827961,0.2687698592827961,0.2687698592827961,0.2687698592827961,0.2687698592827961,7.4403703703703705,6.9,4.9,6.9,9.375,15.00196377918394,15.00196377918394,15.00196377918394,15.00196377918394,15.00196377918394
Brooke,PM25,2023,4.524664125245198,4.524664125245198,4.524664125245198,4.524664125245198,4.524664125245198,0.0397006943248981,0.0397006943248981,0.0397006943248981,0.0397006943248981,0.0397006943248981,0.2687698592827961,0.2687698592827961,0.2687698592827961,0.2687698592827961,0.2687698592827961,9.147081712062258,6.9,4.9,6.9,10.2,15.00196377918394,15.00196377918394,15.00196377918394,15.00196377918394,15.00196377918394
Brooke,PM25,2024,4.524664125245198,4.524664125245198,4.524664125245198,4.524664125245198,4.524664125245198,0.0397006943248981,0.0397006943248981,0.0397006943248981,0.0397006943248981,0.0397006943248981,0.2687698592827961,0.2687698592827961,0.2687698592827961,0.2687698592827961,0.2687698592827961,6.89395218002813,6.3,4.4,6.3,8.850000000000001,15.001963779183942,15.00196377918394,15.00196377918394,15.00196377918394,15.00196377918394
Brooke,SO2,2018,5.72184065934066,4.0,2.0,4.0,7.0,0.0397006943248981,0.0397006943248981,0.0397006943248981,0.0397006943248981,0.0397006943248981,0.2687698592827961,0.2687698592827961,0.2687698592827961,0.2687698592827961,0.2687698592827961,7.983177516158818,7.983177516158818,7.983177516158818,7.983177516158818,7.983177516158818,15.00196377918394,15.00196377918394,15.00196377918394,15.00196377918394,15.00196377918394
Brooke,SO2,2019,6.873498233215548,4.0,2.0,4.0,9.0,0.0397006943248981,0.0397006943248981,0.0397006943248981,0.0397006943248981,0.0397006943248981,0.2687698592827961,0.2687698592827961,0.2687698592827961,0.2687698592827961,0.2687698592827961,7.983177516158818,7.983177516158818,7.983177516158818,7.983177516158818,7.983177516158818,15.00196377918394,15.00196377918394,15.00196377918394,15.00196377918394,15.00196377918394
Brooke,SO2,2020,6.094729344729345,4.0,2.0,4.0,8.0,0.0397006943248981,0.0397006943248981,0.0397006943248981,0.0397006943248981,0.0397006943248981,0.2687698592827961,0.2687698592827961,0.2687698592827961,0.2687698592827961,0.2687698592827961,7.983177516158818,7.983177516158818,7.983177516158818,7.983177516158818,7.983177516158818,15.001963779183942,15.00196377918394,15.00196377918394,15.00196377918394,15.00196377918394
Brooke,SO2,2021,9.127376425855513,6.0,3.0,6.0,11.0,0.0397006943248981,0.0397006943248981,0.0397006943248981,0.0397006943248981,0.0397006943248981,0.2687698592827961,0.2687698592827961,0.2687698592827961,0.2687698592827961,0.2687698592827961,7.983177516158819,7.983177516158818,7.983177516158818,7.983177516158818,7.983177516158818,15.00196377918394,15.00196377918394,15.00196377918394,15.00196377918394,15.00196377918394
Brooke,SO2,2022,5.097287184284378,3.0,2.0,3.0,7.0,0.0397006943248981,0.0397006943248981,0.0397006943248981,0.0397006943248981,0.0397006943248981,0.2687698592827961,0.2687698592827961,0.2687698592827961,0.2687698592827961,0.2687698592827961,7.983177516158817,7.983177516158818,7.983177516158818,7.983177516158818,7.983177516158818,15.00196377918394,15.00196377918394,15.00196377918394,15.00196377918394,15.00196377918394
Brooke,SO2,2023,4.450139794967381,2.0,1.0,2.0,6.0,0.0397006943248981,0.0397006943248981,0.0397006943248981,0.0397006943248981,0.0397006943248981,0.2687698592827961,0.2687698592827961,0.2687698592827961,0.2687698592827961,0.2687698592827961,7.983177516158817,7.983177516158818,7.983177516158818,7.983177516158818,7.983177516158818,15.00196377918394,15.00196377918394,15.00196377918394,15.00196377918394,15.00196377918394
Brooke,SO2,2024,5.550274223034735,3.0,2.0,3.0,6.0,0.0397006943248981,0.0397006943248981,0.0397006943248981,0.0397006943248981,0.0397006943248981,0.2687698592827961,0.2687698592827961,0.2687698592827961,0.2687698592827961,0.2687698592827961,7.983177516158818,7.983177516158818,7.983177516158818,7.983177516158818,7.983177516158818,15.00196377918394,15.00196377918394,15.00196377918394,15.00196377918394,15.00196377918394
Cabell,Ozone,2018,4.524664125245198,4.524664125245198,4.524664125245198,4.524664125245198,4.524664125245198,0.040254098360655736,0.04,0.034,0.04,0.047,0.2687698592827961,0.2687698592827961,0.2687698592827961,0.2687698592827961,0.2687698592827961,7.983177516158818,7.983177516158818,7.983177516158818,7.983177516158818,7.983177516158818,15.00196377918394,15.00196377918394,15.00196377918394,15.00196377918394,15.00196377918394
Cabell,Ozone,2019,4.524664125245198,4.524664125245198,4.524664125245198,4.524664125245198,4.524664125245198,0.041594594594594594,0.042499999999999996,0.036,0.042499999999999996,0.048,0.2687698592827961,0.2687698592827961,0.2687698592827961,0.2687698592827961,0.2687698592827961,7.983177516158818,7.983177516158818,7.983177516158818,7.983177516158818,7.983177516158818,15.00196377918394,15.00196377918394,15.00196377918394,15.00196377918394,15.00196377918394
Cabell,Ozone,2020,4.524664125245198,4.524664125245198,4.524664125245198,4.524664125245198,4.524664125245198,0.03809478672985782,0.039,0.0315,0.039,0.045,0.2687698592827961,0.2687698592827961,0.2687698592827961,0.2687698592827961,0.2687698592827961,7.983177516158819,7.983177516158818,7.983177516158818,7.983177516158818,7.983177516158818,15.001963779183942,15.00196377918394,15.00196377918394,15.00196377918394,15.00196377918394
Cabell,Ozone,2021,4.524664125245198,4.524664125245198,4.524664125245198,4.524664125245198,4.524664125245198,0.04001941747572815,0.04,0.034,0.04,0.046,0.2687698592827961,0.2687698592827961,0.2687698592827961,0.2687698592827961,0.2687698592827961,7.983177516158818,7.983177516158818,7.983177516158818,7.983177516158818,7.983177516158818,15.00196377918394,15.00196377918394,15.00196377918394,15.00196377918394,15.00196377918394
Cabell,Ozone,2022,4.524664125245198,4.524664125245198,4.524664125245198,4.524664125245198,4.524664125245198,0.04049760765550239,0.04,0.035,0.04,0.045,0.2687698592827961,0.2687698592827961,0.2687698592827961,0.2687698592827961,0.2687698592827961,7.983177516158818,7.983177516158818,7.983177516158818,7.983177516158818,7.983177516158818,15.00196377918394,15.00196377918394,15.00196377918394,15.00196377918394,15.00196377918394
Cabell,Ozone,2023,4.524664125245198,4.524664125245198,4.524664125245198,4.524664125245198,4.524664125245198,0.04526839826839827,0.046,0.04,0.046,0.051,0.2687698592827961,0.2687698592827961,0.2687698592827961,0.2687698592827961,0.2687698592827961,7.983177516158818,7.983177516158818,7.983177516158818,7.983177516158818,7.983177516158818,15.00196377918394,15.00196377918394,15.00196377918394,15.00196377918394,15.00196377918394
Cabell,Ozone,2024,4.524664125245198,4.524664125245198,4.524664125245198,4.524664125245198,4.524664125245198,0.04437959183673469,0.045,0.038,0.045,0.051,0.2687698592827961,0.2687698592827961,0.2687698592827961,0.2687698592827961,0.2687698592827961,7.983177516158818,7.983177516158818,7.983177516158818,7.983177516158818,7.983177516158818,15.00196377918394,15.00196377918394,15.00196377918394,15.00196377918394,15.00196377918394
Cabell,PM25,2018,4.524664125245198,4.524664125245198,4.524664125245198,4.524664125245198,4.524664125245198,0.0397006943248981,0.0397006943248981,0.0397006943248981,0.0397006943248981,0.0397006943248981,0.2687698592827961,0.2687698592827961,0.2687698592827961,0.2687698592827961,0.2687698592827961,7.904861111111111,6.95,5.175,6.95,9.5,15.001963779183942,15.00196377918394,15.00196377918394,15.00196377918394,15.00196377918394
Cabell,PM25,2019,4.524664125245198,4.524664125245198,4.524664125245198,4.524664125245198,4.524664125245198,0.0397006943248981,0.0397006943248981,0.0397006943248981,0.0397006943248981,0.0397006943248981,0.2687698592827961,0.2687698592827961,0.2687698592827961,0.2687698592827961,0.2687698592827961,7.0834532374100725,6.7,4.7,6.7,9.350000000000001,15.001963779183939,15.00196377918394,15.00196377918394,15.00196377918394,15.00196377918394
Cabell,PM25,2020,4.524664125245198,4.524664125245198,4.524664125245198,4.524664125245198,4.524664125245198,0.0397006943248981,0.0397006943248981,0.0397006943248981,0.0397006943248981,0.0397006943248981,0.2687698592827961,0.2687698592827961,0.2687698592827961,0.2687698592827961,0.2687698592827961,6.832679738562092,6.2,4.5,6.2,8.4,15.00196377918394,15.00196377918394,15.00196377918394,15.00196377918394,15.00196377918394
Cabell,PM25,2021,4.524664125245198,4.524664125245198,4.524664125245198,4.524664125245198,4.524664125245198,0.0397006943248981,0.0397006943248981,0.0397006943248981,0.0397006943248981,0.0397006943248981,0.2687698592827961,0.2687698592827961,0.2687698592827961,0.2687698592827961,0.2687698592827961,7.896621621621622,6.9,4.8,6.9,9.725,15.001963779183942,15.00196377918394,15.00196377918394,15.00196377918394,15.00196377918394
Cabell,PM25,2022,4.524664125245198,4.524664125245198,4.524664125245198,4.524664125245198,4.524664125245198,0.0397006943248981,0.0397006943248981,0.0397006943248981,0.0397006943248981,0.0397006943248981,0.2687698592827961,0.2687698592827961,0.2687698592827961,0.2687698592827961,0.2687698592827961,6.900671140939598,6.4,4.7,6.4,8.1,15.00196377918394,15.00196377918394,15.00196377918394,15.00196377918394,15.00196377918394
Cabell,PM25,2023,4.524664125245198,4.524664125245198,4.524664125245198,4.524664125245198,4.524664125245198,0.0397006943248981,0.0397006943248981,0.0397006943248981,0.0397006943248981,0.0397006943248981,0.2687698592827961,0.2687698592827961,0.2687698592827961,0.2687698592827961,0.2687698592827961,8.521854304635761,7.1,5.1,7.1,9.5,15.001963779183939,15.00196377918394,15.00196377918394,15.00196377918394,15.00196377918394
Cabell,PM25,2024,4.524664125245198,4.524664125245198,4.524664125245198,4.524664125245198,4.524664125245198,0.0397006943248981,0.0397006943248981,0.0397006943248981,0.0397006943248981,0.0397006943248981,0.2687698592827961,0.2687698592827961,0.2687698592827961,0.2687698592827961,0.2687698592827961,7.165271966527197,6.55,4.7,6.55,9.0,15.00196377918394,15.00196377918394,15.00196377918394,15.00196377918394,15.00196377918394
Gilmer,Ozone,2018,4.524664125245198,4.524664125245198,4.524664125245198,4.524664125245198,4.524664125245198,0.03224581005586592,0.031,0.026,0.031,0.038,0.2687698592827961,0.2687698592827961,0.2687698592827961,0.2687698592827961,0.2687698592827961,7.983177516158819,7.983177516158818,7.983177516158818,7.983177516158818,7.983177516158818,15.001963779183939,15.00196377918394,15.00196377918394,15.00196377918394,15.00196377918394
Gilmer,Ozone,2019,4.524664125245198,4.524664125245198,4.524664125245198,4.524664125245198,4.524664125245198,0.03464864864864865,0.034,0.028,0.034,0.041,0.2687698592827961,0.2687698592827961,0.2687698592827961,0.2687698592827961,0.2687698592827961,7.983177516158818,7.983177516158818,7.983177516158818,7.983177516158818,7.983177516158818,15.00196377918394,15.00196377918394,15.00196377918394,15.00196377918394,15.00196377918394
Gilmer,Ozone,2020,4.524664125245198,4.524664125245198,4.524664125245198,4.524664125245198,4.524664125245198,0.03190304709141274,0.031,0.025,0.031,0.039,0.2687698592827961,0.2687698592827961,0.2687698592827961,0.2687698592827961,0.2687698592827961,7.983177516158818,7.983177516158818,7.983177516158818,7.983177516158818,7.983177516158818,15.00196377918394,15.00196377918394,15.00196377918394,15.00196377918394,15.00196377918394
Gilmer,Ozone,2021,4.524664125245198,4.524664125245198,4.524664125245198,4.524664125245198,4.524664125245198,0.03327528089887641,0.033,0.02675,0.033,0.04,0.2687698592827961,0.2687698592827961,0.2687698592827961,0.2687698592827961,0.2687698592827961,7.983177516158817,7.983177516158818,7.983177516158818,7.983177516158818,7.983177516158818,15.00196377918394,15.00196377918394,15.00196377918394,15.00196377918394,15.00196377918394
Gilmer,Ozone,2022,4.524664125245198,4.524664125245198,4.524664125245198,4.524664125245198,4.524664125245198,0.04008333333333333,0.04,0.03475,0.04,0.04525,0.2687698592827961,0.2687698592827961,0.2687698592827961,0.2687698592827961,0.2687698592827961,7.983177516158817,7.983177516158818,7.983177516158818,7.983177516158818,7.983177516158818,15.00196377918394,15.00196377918394,15.00196377918394,15.00196377918394,15.00196377918394
Greenbrier,Ozone,2018,4.524664125245198,4.524664125245198,4.524664125245198,4.524664125245198,4.524664125245198,0.03937229437229438,0.04,0.033,0.04,0.046,0.2687698592827961,0.2687698592827961,0.2687698592827961,0.2687698592827961,0.2687698592827961,7.983177516158818,7.983177516158818,7.983177516158818,7.983177516158818,7.983177516158818,15.00196377918394,15.00196377918394,15.00196377918394,15.00196377918394,15.00196377918394
Greenbrier,Ozone,2019,4.524664125245198,4.524664125245198,4.524664125245198,4.524664125245198,4.524664125245198,0.044004149377593366,0.045,0.039,0.045,0.049,0.2687698592827962,0.2687698592827961,0.2687698592827961,0.2687698592827961,0.2687698592827961,7.983177516158818,7.983177516158818,7.983177516158818,7.983177516158818,7.983177516158818,15.00196377918394,15.00196377918394,15.00196377918394,15.00196377918394,15.00196377918394
Greenbrier,Ozone,2020,4.524664125245198,4.524664125245198,4.524664125245198,4.524664125245198,4.524664125245198,0.0367198275862069,0.037,0.031,0.037,0.042,0.2687698592827961,0.2687698592827961,0.2687698592827961,0.2687698592827961,0.2687698592827961,7.983177516158819,7.983177516158818,7.983177516158818,7.983177516158818,7.983177516158818,15.00196377918394,15.00196377918394,15.00196377918394,15.00196377918394,15.00196377918394
Greenbrier,Ozone,2021,4.524664125245198,4.524664125245198,4.524664125245198,4.524664125245198,4.524664125245198,0.03861674008810573,0.039,0.033,0.039,0.045,0.2687698592827961,0.2687698592827961,0.2687698592827961,0.2687698592827961,0.2687698592827961,7.983177516158818,7.983177516158818,7.983177516158818,7.983177516158818,7.983177516158818,15.00196377918394,15.00196377918394,15.00196377918394,15.00196377918394,15.00196377918394
Greenbrier,Ozone,2022,4.524664125245198,4.524664125245198,4.524664125245198,4.524664125245198,4.524664125245198,0.03788235294117647,0.037,0.03325,0.037,0.043,0.2687698592827961,0.2687698592827961,0.2687698592827961,0.2687698592827961,0.2687698592827961,7.983177516158818,7.983177516158818,7.983177516158818,7.983177516158818,7.983177516158818,15.00196377918394,15.00196377918394,15.00196377918394,15.00196377918394,15.00196377918394
Greenbrier,Ozone,2023,4.524664125245198,4.524664125245198,4.524664125245198,4.524664125245198,4.524664125245198,0.041224066390041496,0.041,0.036,0.041,0.046,0.2687698592827962,0.2687698592827961,0.2687698592827961,0.2687698592827961,0.2687698592827961,7.983177516158818,7.983177516158818,7.983177516158818,7.983177516158818,7.983177516158818,15.00196377918394,15.00196377918394,15.00196377918394,15.00196377918394,15.00196377918394
Greenbrier,Ozone,2024,4.524664125245198,4.524664125245198,4.524664125245198,4.524664125245198,4.524664125245198,0.04197142857142857,0.042,0.037,0.042,0.047,0.2687698592827961,0.2687698592827961,0.2687698592827961,0.2687698592827961,0.2687698592827961,7.983177516158818,7.983177516158818,7.983177516158818,7.983177516158818,7.983177516158818,15.00196377918394,15.00196377918394,15.00196377918394,15.00196377918394,15.00196377918394
Hancock,Ozone,2018,4.524664125245198,4.524664125245198,4.524664125245198,4.524664125245198,4.524664125245198,0.041102678571428575,0.04,0.034,0.04,0.048,0.2687698592827961,0.2687698592827961,0.2687698592827961,0.2687698592827961,0.2687698592827961,7.983177516158818,7.983177516158818,7.983177516158818,7.983177516158818,7.983177516158818,15.00196377918394,15.00196377918394,15.00196377918394,15.00196377918394,15.00196377918394
Hancock,Ozone,2019,4.524664125245198,4.524664125245198,4.524664125245198,4.524664125245198,4.524664125245198,0.04354732510288066,0.044,0.038,0.044,0.049,0.2687698592827961,0.2687698592827961,0.2687698592827961,0.2687698592827961,0.2687698592827961,7.983177516158818,7.983177516158818,7.983177516158818,7.983177516158818,7.983177516158818,15.00196377918394,15.00196377918394,15.00196377918394,15.00196377918394,15.00196377918394
Hancock,Ozone,2020,4.524664125245198,4.524664125245198,4.524664125245198,4.524664125245198,4.524664125245198,0.04167567567567568,0.041,0.035,0.041,0.047,0.2687698592827961,0.2687698592827961,0.2687698592827961,0.2687698592827961,0.2687698592827961,7.983177516158818,7.983177516158818,7.983177516158818,7.983177516158818,7.983177516158818,15.00196377918394,15.00196377918394,15.00196377918394,15.00196377918394,15.00196377918394
Hancock,Ozone,2021,4.524664125245198,4.524664125245198,4.524664125245198,4.524664125245198,4.524664125245198,0.04327586206896551,0.0435,0.037,0.0435,0.05,0.2687698592827961,0.2687698592827961,0.2687698592827961,0.2687698592827961,0.2687698592827961,7.983177516158819,7.983177516158818,7.983177516158818,7.983177516158818,7.983177516158818,15.00196377918394,15.00196377918394,15.00196377918394,15.00196377918394,15.00196377918394
Hancock,Ozone,2022,4.524664125245198,4.524664125245198,4.524664125245198,4.524664125245198,4.524664125245198,0.04040167364016737,0.04,0.034,0.04,0.047,0.2687698592827961,0.2687698592827961,0.2687698592827961,0.2687698592827961,0.2687698592827961,7.983177516158818,7.983177516158818,7.983177516158818,7.983177516158818,7.983177516158818,15.00196377918394,15.00196377918394,15.00196377918394,15.00196377918394,15.00196377918394
Hancock,Ozone,2023,4.524664125245198,4.524664125245198,4.524664125245198,4.524664125245198,4.524664125245198,0.04561751152073732,0.047,0.037,0.047,0.054,0.2687698592827961,0.2687698592827961,0.2687698592827961,0.2687698592827961,0.2687698592827961,7.983177516158818,7.983177516158818,7.983177516158818,7.983177516158818,7.983177516158818,15.00196377918394,15.00196377918394,15.00196377918394,15.00196377918394,15.00196377918394
Hancock,Ozone,2024,4.524664125245198,4.524664125245198,4.524664125245198,4.524664125245198,4.524664125245198,0.045479338842975205,0.045,0.038,0.045,0.054,0.2687698592827961,0.2687698592827961,0.2687698592827961,0.2687698592827961,0.2687698592827961,7.983177516158818,7.983177516158818,7.983177516158818,7.983177516158818,7.983177516158818,15.00196377918394,15.00196377918394,15.00196377918394,15.00196377918394,15.00196377918394
Hancock,PM10,2018,4.524664125245198,4.524664125245198,4.524664125245198,4.524664125245198,4.524664125245198,0.0397006943248981,0.0397006943248981,0.0397006943248981,0.0397006943248981,0.0397006943248981,0.2687698592827961,0.2687698592827961,0.2687698592827961,0.2687698592827961,0.2687698592827961,7.983177516158818,7.983177516158818,7.983177516158818,7.983177516158818,7.983177516158818,11.364902506963789,10.0,7.0,10.0,15.0
Hancock,PM10,2019,4.524664125245198,4.524664125245198,4.524664125245198,4.524664125245198,4.524664125245198,0.0397006943248981,0.0397006943248981,0.0397006943248981,0.0397006943248981,0.0397006943248981,0.2687698592827961,0.2687698592827961,0.2687698592827961,0.2687698592827961,0.2687698592827961,7.983177516158818,7.983177516158818,7.983177516158818,7.983177516158818,7.983177516158818,12.366141732283465,11.0,8.0,11.0,16.0
Hancock,PM10,2020,4.524664125245198,4.524664125245198,4.524664125245198,4.524664125245198,4.524664125245198,0.0397006943248981,0.0397006943248981,0.0397006943248981,0.0397006943248981,0.0397006943248981,0.2687698592827961,0.2687698592827961,0.2687698592827961,0.2687698592827961,0.2687698592827961,7.983177516158817,7.983177516158818,7.983177516158818,7.983177516158818,7.983177516158818,11.4,10.0,7.0,10.0,15.0
Hancock,PM10,2021,4.524664125245198,4.524664125245198,4.524664125245198,4.524664125245198,4.524664125245198,0.0397006943248981,0.0397006943248981,0.0397006943248981,0.0397006943248981,0.0397006943248981,0.2687698592827961,0.2687698592827961,0.2687698592827961,0.2687698592827961,0.2687698592827961,7.983177516158819,7.983177516158818,7.983177516158818,7.983177516158818,7.983177516158818,13.543103448275861,13.0,8.0,13.0,18.0
Hancock,PM10,2022,4.524664125245198,4.524664125245198,4.524664125245198,4.524664125245198,4.524664125245198,0.0397006943248981,0.0397006943248981,0.0397006943248981,0.0397006943248981,0.0397006943248981,0.2687698592827961,0.2687698592827961,0.2687698592827961,0.2687698592827961,0.2687698592827961,7.983177516158818,7.983177516158818,7.983177516158818,7.983177516158818,7.983177516158818,15.402739726027397,14.0,11.0,14.0,18.0
Hancock,PM10,2023,4.524664125245198,4.524664125245198,4.524664125245198,4.524664125245198,4.524664125245198,0.0397006943248981,0.0397006943248981,0.0397006943248981,0.0397006943248981,0.0397006943248981,0.2687698592827961,0.2687698592827961,0.2687698592827961,0.2687698592827961,0.2687698592827961,7.983177516158819,7.983177516158818,7.983177516158818,7.983177516158818,7.983177516158818,17.445103857566764,14.0,10.0,14.0,21.0
Hancock,PM10,2024,4.524664125245198,4.524664125245198,4.524664125245198,4.524664125245198,4.524664125245198,0.0397006943248981,0.0397006943248981,0.0397006943248981,0.0397006943248981,0.0397006943248981,0.2687698592827961,0.2687698592827961,0.2687698592827961,0.2687698592827961,0.2687698592827961,7.983177516158817,7.983177516158818,7.983177516158818,7.983177516158818,7.983177516158818,13.011070110701107,12.0,9.0,12.0,16.0
Hancock,PM25,2018,4.524664125245198,4.524664125245198,4.524664125245198,4.524664125245198,4.524664125245198,0.0397006943248981,0.0397006943248981,0.0397006943248981,0.0397006943248981,0.0397006943248981,0.2687698592827961,0.2687698592827961,0.2687698592827961,0.2687698592827961,0.2687698592827961,7.828333333333333,6.7,4.7,6.7,9.825,15.00196377918394,15.00196377918394,15.00196377918394,15.00196377918394,15.00196377918394
Hancock,PM25,2019,4.524664125245198,4.524664125245198,4.524664125245198,4.524664125245198,4.524664125245198,0.0397006943248981,0.0397006943248981,0.0397006943248981,0.0397006943248981,0.0397006943248981,0.2687698592827961,0.2687698592827961,0.2687698592827961,0.2687698592827961,0.2687698592827961,8.095238095238095,7.55,5.275,7.55,10.5,15.001963779183942,15.00196377918394,15.00196377918394,15.00196377918394,15.00196377918394
Hancock,PM25,2020,4.524664125245198,4.524664125245198,4.524664125245198,4.524664125245198,4.524664125245198,0.039700694324898096,0.0397006943248981,0.0397006943248981,0.0397006943248981,0.0397006943248981,0.2687698592827961,0.2687698592827961,0.2687698592827961,0.2687698592827961,0.2687698592827961,7.11081081081081,6.5,4.9,6.5,8.7,15.00196377918394,15.00196377918394,15.00196377918394,15.00196377918394,15.00196377918394
Hancock,PM25,2021,4.524664125245198,4.524664125245198,4.524664125245198,4.524664125245198,4.524664125245198,0.0397006943248981,0.0397006943248981,0.0397006943248981,0.0397006943248981,0.0397006943248981,0.2687698592827961,0.2687698592827961,0.2687698592827961,0.2687698592827961,0.2687698592827961,8.91,8.1,5.074999999999999,8.1,11.225,15.00196377918394,15.00196377918394,15.00196377918394,15.00196377918394,15.00196377918394
Hancock,PM25,2022,4.524664125245198,4.524664125245198,4.524664125245198,4.524664125245198,4.524664125245198,0.0397006943248981,0.0397006943248981,0.0397006943248981,0.0397006943248981,0.0397006943248981,0.2687698592827961,0.2687698592827961,0.2687698592827961,0.2687698592827961,0.2687698592827961,7.408547008547008,6.5,4.9,6.5,9.2,15.00196377918394,15.00196377918394,15.00196377918394,15.00196377918394,15.00196377918394
Hancock,PM25,2023,4.524664125245199,4.524664125245198,4.524664125245198,4.524664125245198,4.524664125245198,0.0397006943248981,0.0397006943248981,0.0397006943248981,0.0397006943248981,0.0397006943248981,0.2687698592827961,0.2687698592827961,0.2687698592827961,0.2687698592827961,0.2687698592827961,8.526271186440677,6.65,4.525,6.65,9.775,15.00196377918394,15.00196377918394,15.00196377918394,15.00196377918394,15.00196377918394
Hancock,PM25,2024,4.524664125245198,4.524664125245198,4.524664125245198,4.524664125245198,4.524664125245198,0.0397006943248981,0.0397006943248981,0.0397006943248981,0.0397006943248981,0.0397006943248981,0.2687698592827961,0.2687698592827961,0.2687698592827961,0.2687698592827961,0.2687698592827961,6.506813186813186,5.9,4.2,5.9,8.3,15.00196377918394,15.00196377918394,15.00196377918394,15.00196377918394,15.00196377918394
Hancock,SO2,2018,4.130073800738008,3.0,2.0,3.0,5.0,0.0397006943248981,0.0397006943248981,0.0397006943248981,0.0397006943248981,0.0397006943248981,0.2687698592827961,0.2687698592827961,0.2687698592827961,0.2687698592827961,0.2687698592827961,7.983177516158817,7.983177516158818,7.983177516158818,7.983177516158818,7.983177516158818,15.00196377918394,15.00196377918394,15.00196377918394,15.00196377918394,15.00196377918394
Hancock,SO2,2019,4.2629969418960245,3.0,2.0,3.0,5.0,0.0397006943248981,0.0397006943248981,0.0397006943248981,0.0397006943248981,0.0397006943248981,0.2687698592827961,0.2687698592827961,0.2687698592827961,0.2687698592827961,0.2687698592827961,7.983177516158817,7.983177516158818,7.983177516158818,7.983177516158818,7.983177516158818,15.00196377918394,15.00196377918394,15.00196377918394,15.00196377918394,15.00196377918394
Hancock,SO2,2020,4.132643461900282,3.0,2.0,3.0,5.0,0.0397006943248981,0.0397006943248981,0.0397006943248981,0.0397006943248981,0.0397006943248981,0.2687698592827961,0.2687698592827961,0.2687698592827961,0.2687698592827961,0.2687698592827961,7.983177516158819,7.983177516158818,7.983177516158818,7.983177516158818,7.983177516158818,15.00196377918394,15.00196377918394,15.00196377918394,15.00196377918394,15.00196377918394
Hancock,SO2,2021,4.203213610586011,3.0,2.0,3.0,5.0,0.0397006943248981,0.0397006943248981,0.0397006943248981,0.0397006943248981,0.0397006943248981,0.2687698592827961,0.2687698592827961,0.2687698592827961,0.2687698592827961,0.2687698592827961,7.983177516158817,7.983177516158818,7.983177516158818,7.983177516158818,7.983177516158818,15.00196377918394,15.00196377918394,15.00196377918394,15.00196377918394,15.00196377918394
Hancock,SO2,2022,3.2132963988919667,2.0,1.0,2.0,4.0,0.0397006943248981,0.0397006943248981,0.0397006943248981,0.0397006943248981,0.0397006943248981,0.2687698592827961,0.2687698592827961,0.2687698592827961,0.2687698592827961,0.2687698592827961,7.983177516158818,7.983177516158818,7.983177516158818,7.983177516158818,7.983177516158818,15.00196377918394,15.00196377918394,15.00196377918394,15.00196377918394,15.00196377918394
Hancock,SO2,2023,2.562585969738652,2.0,1.0,2.0,3.0,0.0397006943248981,0.0397006943248981,0.0397006943248981,0.0397006943248981,0.0397006943248981,0.2687698592827961,0.2687698592827961,0.2687698592827961,0.2687698592827961,0.2687698592827961,7.983177516158819,7.983177516158818,7.983177516158818,7.983177516158818,7.983177516158818,15.00196377918394,15.00196377918394,15.00196377918394,15.00196377918394,15.00196377918394
Hancock,SO2,2024,1.6067415730337078,0.0,0.0,0.0,2.0,0.0397006943248981,0.0397006943248981,0.0397006943248981,0.0397006943248981,0.0397006943248981,0.2687698592827961,0.2687698592827961,0.2687698592827961,0.2687698592827961,0.2687698592827961,7.983177516158818,7.983177516158818,7.983177516158818,7.983177516158818,7.983177516158818,15.00196377918394,15.00196377918394,15.00196377918394,15.00196377918394,15.00196377918394
Harrison,PM25,2018,4.524664125245198,4.524664125245198,4.524664125245198,4.524664125245198,4.524664125245198,0.0397006943248981,0.0397006943248981,0.0397006943248981,0.0397006943248981,0.0397006943248981,0.2687698592827961,0.2687698592827961,0.2687698592827961,0.2687698592827961,0.2687698592827961,7.150427350427351,6.5,4.6,6.5,8.8,15.00196377918394,15.00196377918394,15.00196377918394,15.00196377918394,15.00196377918394
Harrison,PM25,2019,4.524664125245198,4.524664125245198,4.524664125245198,4.524664125245198,4.524664125245198,0.039700694324898096,0.0397006943248981,0.0397006943248981,0.0397006943248981,0.0397006943248981,0.2687698592827961,0.2687698592827961,0.2687698592827961,0.2687698592827961,0.2687698592827961,7.27027027027027,7.4,4.6,7.4,9.0,15.00196377918394,15.00196377918394,15.00196377918394,15.00196377918394,15.00196377918394
Harrison,PM25,2020,4.524664125245199,4.524664125245198,4.524664125245198,4.524664125245198,4.524664125245198,0.0397006943248981,0.0397006943248981,0.0397006943248981,0.0397006943248981,0.0397006943248981,0.2687698592827961,0.2687698592827961,0.2687698592827961,0.2687698592827961,0.2687698592827961,6.589830508474576,6.25,4.325,6.25,7.9,15.00196377918394,15.00196377918394,15.00196377918394,15.00196377918394,15.00196377918394
Harrison,PM25,2021,4.524664125245198,4.524664125245198,4.524664125245198,4.524664125245198,4.524664125245198,0.03970069432489811,0.0397006943248981,0.0397006943248981,0.0397006943248981,0.0397006943248981,0.2687698592827961,0.2687698592827961,0.2687698592827961,0.2687698592827961,0.2687698592827961,7.345217391304348,6.3,4.65,6.3,9.4,15.00196377918394,15.00196377918394,15.00196377918394,15.00196377918394,15.00196377918394
Harrison,PM25,2022,4.524664125245198,4.524664125245198,4.524664125245198,4.524664125245198,4.524664125245198,0.0397006943248981,0.0397006943248981,0.0397006943248981,0.0397006943248981,0.0397006943248981,0.2687698592827961,0.2687698592827961,0.2687698592827961,0.2687698592827961,0.2687698592827961,6.7,6.1,4.6,6.1,8.0,15.00196377918394,15.00196377918394,15.00196377918394,15.00196377918394,15.00196377918394
Harrison,PM25,2023,4.524664125245198,4.524664125245198,4.524664125245198,4.524664125245198,4.524664125245198,0.039700694324898096,0.0397006943248981,0.0397006943248981,0.0397006943248981,0.0397006943248981,0.2687698592827961,0.2687698592827961,0.2687698592827961,0.2687698592827961,0.2687698592827961,8.245794392523363,7.0,4.699999999999999,7.0,8.7,15.00196377918394,15.00196377918394,15.00196377918394,15.00196377918394,15.00196377918394
Harrison,PM25,2024,4.524664125245198,4.524664125245198,4.524664125245198,4.524664125245198,4.524664125245198,0.0397006943248981,0.0397006943248981,0.0397006943248981,0.0397006943248981,0.0397006943248981,0.2687698592827961,0.2687698592827961,0.2687698592827961,0.2687698592827961,0.2687698592827961,6.637209302325581,6.65,3.8249999999999997,6.65,8.75,15.00196377918394,15.00196377918394,15.00196377918394,15.00196377918394,15.00196377918394
Kanawha,CO,2018,4.524664125245198,4.524664125245198,4.524664125245198,4.524664125245198,4.524664125245198,0.0397006943248981,0.0397006943248981,0.0397006943248981,0.0397006943248981,0.0397006943248981,0.2964071856287425,0.3,0.2,0.3,0.3,7.983177516158818,7.983177516158818,7.983177516158818,7.983177516158818,7.983177516158818,15.001963779183939,15.00196377918394,15.00196377918394,15.00196377918394,15.00196377918394
Kanawha,CO,2019,4.524664125245198,4.524664125245198,4.524664125245198,4.524664125245198,4.524664125245198,0.0397006943248981,0.0397006943248981,0.0397006943248981,0.0397006943248981,0.0397006943248981,0.26136986301369863,0.3,0.2,0.3,0.3,7.983177516158818,7.983177516158818,7.983177516158818,7.983177516158818,7.983177516158818,15.00196377918394,15.00196377918394,15.00196377918394,15.00196377918394,15.00196377918394
Kanawha,CO,2020,4.524664125245198,4.524664125245198,4.524664125245198,4.524664125245198,4.524664125245198,0.0397006943248981,0.0397006943248981,0.0397006943248981,0.0397006943248981,0.0397006943248981,0.28032786885245903,0.3,0.2,0.3,0.3,7.983177516158818,7.983177516158818,7.983177516158818,7.983177516158818,7.983177516158818,15.001963779183939,15.00196377918394,15.00196377918394,15.00196377918394,15.00196377918394
Kanawha,CO,2021,4.524664125245198,4.524664125245198,4.524664125245198,4.524664125245198,4.524664125245198,0.0397006943248981,0.0397006943248981,0.0397006943248981,0.0397006943248981,0.0397006943248981,0.27485714285714286,0.3,0.2,0.3,0.3,7.983177516158818,7.983177516158818,7.983177516158818,7.983177516158818,7.983177516158818,15.001963779183939,15.00196377918394,15.00196377918394,15.00196377918394,15.00196377918394
Kanawha,CO,2022,4.524664125245198,4.524664125245198,4.524664125245198,4.524664125245198,4.524664125245198,0.0397006943248981,0.0397006943248981,0.0397006943248981,0.0397006943248981,0.0397006943248981,0.2393939393939394,0.2,0.2,0.2,0.3,7.983177516158818,7.983177516158818,7.983177516158818,7.983177516158818,7.983177516158818,15.00196377918394,15.00196377918394,15.00196377918394,15.00196377918394,15.00196377918394
Kanawha,CO,2023,4.524664125245198,4.524664125245198,4.524664125245198,4.524664125245198,4.524664125245198,0.0397006943248981,0.0397006943248981,0.0397006943248981,0.0397006943248981,0.0397006943248981,0.26464646464646463,0.2,0.2,0.2,0.3,7.983177516158818,7.983177516158818,7.983177516158818,7.983177516158818,7.983177516158818,15.001963779183942,15.00196377918394,15.00196377918394,15.00196377918394,15.00196377918394
Kanawha,CO,2024,4.524664125245198,4.524664125245198,4.524664125245198,4.524664125245198,4.524664125245198,0.0397006943248981,0.0397006943248981,0.0397006943248981,0.0397006943248981,0.0397006943248981,0.25,0.2,0.2,0.2,0.3,7.983177516158817,7.983177516158818,7.983177516158818,7.983177516158818,7.983177516158818,15.00196377918394,15.00196377918394,15.00196377918394,15.00196377918394,15.00196377918394
Kanawha,Ozone,2018,4.524664125245198,4.524664125245198,4.524664125245198,4.524664125245198,4.524664125245198,0.03604901960784314,0.035,0.026,0.035,0.045,0.2687698592827961,0.2687698592827961,0.2687698592827961,0.2687698592827961,0.2687698592827961,7.983177516158819,7.983177516158818,7.983177516158818,7.983177516158818,7.983177516158818,15.00196377918394,15.00196377918394,15.00196377918394,15.00196377918394,15.00196377918394
Kanawha,Ozone,2019,4.524664125245198,4.524664125245198,4.524664125245198,4.524664125245198,4.524664125245198,0.04018076923076923,0.041,0.032,0.041,0.049,0.2687698592827961,0.2687698592827961,0.2687698592827961,0.2687698592827961,0.2687698592827961,7.983177516158817,7.983177516158818,7.983177516158818,7.983177516158818,7.983177516158818,15.00196377918394,15.00196377918394,15.00196377918394,15.00196377918394,15.00196377918394
Kanawha,Ozone,2020,4.524664125245198,4.524664125245198,4.524664125245198,4.524664125245198,4.524664125245198,0.0357123745819398,0.036,0.029,0.036,0.043,0.2687698592827961,0.2687698592827961,0.2687698592827961,0.2687698592827961,0.2687698592827961,7.983177516158818,7.983177516158818,7.983177516158818,7.983177516158818,7.983177516158818,15.00196377918394,15.00196377918394,15.00196377918394,15.00196377918394,15.00196377918394
Kanawha,Ozone,2021,4.524664125245198,4.524664125245198,4.524664125245198,4.524664125245198,4.524664125245198,0.03720401337792642,0.037,0.029,0.037,0.045,0.2687698592827961,0.2687698592827961,0.2687698592827961,0.2687698592827961,0.2687698592827961,7.983177516158818,7.983177516158818,7.983177516158818,7.983177516158818,7.983177516158818,15.00196377918394,15.00196377918394,15.00196377918394,15.00196377918394,15.00196377918394
Kanawha,Ozone,2022,4.524664125245198,4.524664125245198,4.524664125245198,4.524664125245198,4.524664125245198,0.036956,0.038,0.029,0.038,0.044,0.2687698592827961,0.2687698592827961,0.2687698592827961,0.2687698592827961,0.2687698592827961,7.983177516158818,7.983177516158818,7.983177516158818,7.983177516158818,7.983177516158818,15.00196377918394,15.00196377918394,15.00196377918394,15.00196377918394,15.00196377918394
Kanawha,Ozone,2023,4.524664125245198,4.524664125245198,4.524664125245198,4.524664125245198,4.524664125245198,0.037294871794871794,0.038,0.03075,0.038,0.045,0.2687698592827961,0.2687698592827961,0.2687698592827961,0.2687698592827961,0.2687698592827961,7.983177516158818,7.983177516158818,7.983177516158818,7.983177516158818,7.983177516158818,15.001963779183942,15.00196377918394,15.00196377918394,15.00196377918394,15.00196377918394
Kanawha,Ozone,2024,4.524664125245198,4.524664125245198,4.524664125245198,4.524664125245198,4.524664125245198,0.036645833333333336,0.037,0.029,0.037,0.045,0.2687698592827961,0.2687698592827961,0.2687698592827961,0.2687698592827961,0.2687698592827961,7.983177516158819,7.983177516158818,7.983177516158818,7.983177516158818,7.983177516158818,15.001963779183942,15.00196377918394,15.00196377918394,15.00196377918394,15.00196377918394
Kanawha,PM25,2018,4.524664125245198,4.524664125245198,4.524664125245198,4.524664125245198,4.524664125245198,0.0397006943248981,0.0397006943248981,0.0397006943248981,0.0397006943248981,0.0397006943248981,0.2687698592827961,0.2687698592827961,0.2687698592827961,0.2687698592827961,0.2687698592827961,8.024485981308413,7.6,5.7,7.6,9.9,15.00196377918394,15.00196377918394,15.00196377918394,15.00196377918394,15.00196377918394
Kanawha,PM25,2019,4.524664125245198,4.524664125245198,4.524664125245198,4.524664125245198,4.524664125245198,0.0397006943248981,0.0397006943248981,0.0397006943248981,0.0397006943248981,0.0397006943248981,0.2687698592827961,0.2687698592827961,0.2687698592827961,0.2687698592827961,0.2687698592827961,7.536934673366834,7.3,5.2,7.3,9.475,15.001963779183942,15.00196377918394,15.00196377918394,15.00196377918394,15.00196377918394
Kanawha,PM25,2020,4.524664125245198,4.524664125245198,4.524664125245198,4.524664125245198,4.524664125245198,0.0397006943248981,0.0397006943248981,0.0397006943248981,0.0397006943248981,0.0397006943248981,0.2687698592827961,0.2687698592827961,0.2687698592827961,0.2687698592827961,0.2687698592827961,6.91827242524917,6.6,5.0,6.6,8.575,15.00196377918394,15.00196377918394,15.00196377918394,15.00196377918394,15.00196377918394
Kanawha,PM25,2021,4.524664125245198,4.524664125245198,4.524664125245198,4.524664125245198,4.524664125245198,0.0397006943248981,0.0397006943248981,0.0397006943248981,0.0397006943248981,0.0397006943248981,0.2687698592827961,0.2687698592827961,0.2687698592827961,0.2687698592827961,0.2687698592827961,8.166059602649007,7.2,5.475,7.2,9.7,15.001963779183939,15.00196377918394,15.00196377918394,15.00196377918394,15.00196377918394
Kanawha,PM25,2022,4.524664125245198,4.524664125245198,4.524664125245198,4.524664125245198,4.524664125245198,0.0397006943248981,0.0397006943248981,0.0397006943248981,0.0397006943248981,0.0397006943248981,0.2687698592827961,0.2687698592827961,0.2687698592827961,0.2687698592827961,0.2687698592827961,7.18490909090909,6.6,5.1,6.6,8.975,15.00196377918394,15.00196377918394,15.00196377918394,15.00196377918394,15.00196377918394
Kanawha,PM25,2023,4.524664125245198,4.524664125245198,4.524664125245198,4.524664125245198,4.524664125245198,0.0397006943248981,0.0397006943248981,0.0397006943248981,0.0397006943248981,0.0397006943248981,0.2687698592827961,0.2687698592827961,0.2687698592827961,0.2687698592827961,0.2687698592827961,8.059861591695503,7.05,5.1,7.05,9.7,15.001963779183942,15.00196377918394,15.00196377918394,15.00196377918394,15.00196377918394
Kanawha,PM25,2024,4.524664125245198,4.524664125245198,4.524664125245198,4.524664125245198,4.524664125245198,0.0397006943248981,0.0397006943248981,0.0397006943248981,0.0397006943248981,0.0397006943248981,0.2687698592827961,0.2687698592827961,0.2687698592827961,0.2687698592827961,0.2687698592827961,6.891512915129151,6.2,4.4,6.2,8.7,15.00196377918394,15.00196377918394,15.00196377918394,15.00196377918394,15.00196377918394
Kanawha,SO2,2018,1.1533923303834808,0.9,0.5,0.9,1.4,0.0397006943248981,0.0397006943248981,0.0397006943248981,0.0397006943248981,0.0397006943248981,0.2687698592827961,0.2687698592827961,0.2687698592827961,0.2687698592827961,0.2687698592827961,7.983177516158818,7.983177516158818,7.983177516158818,7.983177516158818,7.983177516158818,15.00196377918394,15.00196377918394,15.00196377918394,15.00196377918394,15.00196377918394
Kanawha,SO2,2019,1.3619444444444444,1.1,0.7,1.1,1.7,0.0397006943248981,0.0397006943248981,0.0397006943248981,0.0397006943248981,0.0397006943248981,0.2687698592827961,0.2687698592827961,0.2687698592827961,0.2687698592827961,0.2687698592827961,7.983177516158818,7.983177516158818,7.983177516158818,7.983177516158818,7.983177516158818,15.00196377918394,15.00196377918394,15.00196377918394,15.00196377918394,15.00196377918394
Kanawha,SO2,2020,1.1979651162790699,0.9,0.7,0.9,1.4,0.0397006943248981,0.0397006943248981,0.0397006943248981,0.0397006943248981,0.0397006943248981,0.2687698592827961,0.2687698592827961,0.2687698592827961,0.2687698592827961,0.2687698592827961,7.983177516158818,7.983177516158818,7.983177516158818,7.983177516158818,7.983177516158818,15.00196377918394,15.00196377918394,15.00196377918394,15.00196377918394,15.00196377918394
Kanawha,SO2,2021,1.196629213483146,0.8,0.6,0.8,1.3,0.0397006943248981,0.0397006943248981,0.0397006943248981,0.0397006943248981,0.0397006943248981,0.2687698592827961,0.2687698592827961,0.2687698592827961,0.2687698592827961,0.2687698592827961,7.983177516158817,7.983177516158818,7.983177516158818,7.983177516158818,7.983177516158818,15.00196377918394,15.00196377918394,15.00196377918394,15.00196377918394,15.00196377918394
Kanawha,SO2,2022,1.0769470404984423,0.8,0.7,0.8,1.2,0.0397006943248981,0.0397006943248981,0.0397006943248981,0.0397006943248981,0.0397006943248981,0.2687698592827961,0.2687698592827961,0.2687698592827961,0.2687698592827961,0.2687698592827961,7.983177516158818,7.983177516158818,7.983177516158818,7.983177516158818,7.983177516158818,15.00196377918394,15.00196377918394,15.00196377918394,15.00196377918394,15.00196377918394
Kanawha,SO2,2023,0.9076470588235295,0.6,0.4,0.6,1.0,0.0397006943248981,0.0397006943248981,0.0397006943248981,0.0397006943248981,0.0397006943248981,0.2687698592827961,0.2687698592827961,0.2687698592827961,0.2687698592827961,0.2687698592827961,7.983177516158818,7.983177516158818,7.983177516158818,7.983177516158818,7.983177516158818,15.00196377918394,15.00196377918394,15.00196377918394,15.00196377918394,15.00196377918394
Kanawha,SO2,2024,0.9007604562737643,0.7,0.5,0.7,1.1,0.0397006943248981,0.0397006943248981,0.0397006943248981,0.0397006943248981,0.0397006943248981,0.2687698592827961,0.2687698592827961,0.2687698592827961,0.2687698592827961,0.2687698592827961,7.983177516158819,7.983177516158818,7.983177516158818,7.983177516158818,7.983177516158818,15.00196377918394,15.00196377918394,15.00196377918394,15.00196377918394,15.00196377918394
Marion,PM25,2018,4.524664125245198,4.524664125245198,4.524664125245198,4.524664125245198,4.524664125245198,0.0397006943248981,0.0397006943248981,0.0397006943248981,0.0397006943248981,0.0397006943248981,0.2687698592827961,0.2687698592827961,0.2687698592827961,0.2687698592827961,0.2687698592827961,7.458119658119658,6.8,4.7,6.8,9.8,15.00196377918394,15.00196377918394,15.00196377918394,15.00196377918394,15.00196377918394
Marion,PM25,2019,4.524664125245198,4.524664125245198,4.524664125245198,4.524664125245198,4.524664125245198,0.0397006943248981,0.0397006943248981,0.0397006943248981,0.0397006943248981,0.0397006943248981,0.2687698592827961,0.2687698592827961,0.2687698592827961,0.2687698592827961,0.2687698592827961,7.621212121212121,7.4,4.75,7.4,9.55,15.00196377918394,15.00196377918394,15.00196377918394,15.00196377918394,15.00196377918394
Marion,PM25,2020,4.524664125245198,4.524664125245198,4.524664125245198,4.524664125245198,4.524664125245198,0.0397006943248981,0.0397006943248981,0.0397006943248981,0.0397006943248981,0.0397006943248981,0.2687698592827961,0.2687698592827961,0.2687698592827961,0.2687698592827961,0.2687698592827961,7.052702702702702,6.25,4.75,6.25,8.775,15.001963779183942,15.00196377918394,15.00196377918394,15.00196377918394,15.00196377918394
Marion,PM25,2021,4.524664125245198,4.524664125245198,4.524664125245198,4.524664125245198,4.524664125245198,0.0397006943248981,0.0397006943248981,0.0397006943248981,0.0397006943248981,0.0397006943248981,0.2687698592827961,0.2687698592827961,0.2687698592827961,0.2687698592827961,0.2687698592827961,7.935164835164835,7.2,4.6,7.2,10.55,15.00196377918394,15.00196377918394,15.00196377918394,15.00196377918394,15.00196377918394
Marion,PM25,2022,4.524664125245198,4.524664125245198,4.524664125245198,4.524664125245198,4.524664125245198,0.0397006943248981,0.0397006943248981,0.0397006943248981,0.0397006943248981,0.0397006943248981,0.2687698592827961,0.2687698592827961,0.2687698592827961,0.2687698592827961,0.2687698592827961,7.093162393162393,6.4,5.0,6.4,8.5,15.00196377918394,15.00196377918394,15.00196377918394,15.00196377918394,15.00196377918394
Marion,PM25,2023,4.524664125245199,4.524664125245198,4.524664125245198,4.524664125245198,4.524664125245198,0.0397006943248981,0.0397006943248981,0.0397006943248981,0.0397006943248981,0.0397006943248981,0.2687698592827961,0.2687698592827961,0.2687698592827961,0.2687698592827961,0.2687698592827961,8.38135593220339,7.0,4.8,7.0,9.275,15.00196377918394,15.00196377918394,15.00196377918394,15.00196377918394,15.00196377918394
Marion,PM25,2024,4.524664125245198,4.524664125245198,4.524664125245198,4.524664125245198,4.524664125245198,0.0397006943248981,0.0397006943248981,0.0397006943248981,0.0397006943248981,0.0397006943248981,0.2687698592827961,0.2687698592827961,0.2687698592827961,0.2687698592827961,0.2687698592827961,6.628571428571428,6.1,3.6750000000000003,6.1,9.125,15.001963779183942,15.00196377918394,15.00196377918394,15.00196377918394,15.00196377918394
Marshall,PM25,2018,4.524664125245198,4.524664125245198,4.524664125245198,4.524664125245198,4.524664125245198,0.0397006943248981,0.0397006943248981,0.0397006943248981,0.0397006943248981,0.0397006943248981,0.2687698592827961,0.2687698592827961,0.2687698592827961,0.2687698592827961,0.2687698592827961,10.101063829787234,9.4,6.625,9.4,12.8,15.00196377918394,15.00196377918394,15.00196377918394,15.00196377918394,15.00196377918394
Marshall,PM25,2019,4.524664125245199,4.524664125245198,4.524664125245198,4.524664125245198,4.524664125245198,0.0397006943248981,0.0397006943248981,0.0397006943248981,0.0397006943248981,0.0397006943248981,0.2687698592827961,0.2687698592827961,0.2687698592827961,0.2687698592827961,0.2687698592827961,9.224576271186441,8.1,6.025,8.1,11.7,15.00196377918394,15.00196377918394,15.00196377918394,15.00196377918394,15.00196377918394
Marshall,PM25,2020,4.524664125245199,4.524664125245198,4.524664125245198,4.524664125245198,4.524664125245198,0.0397006943248981,0.0397006943248981,0.0397006943248981,0.0397006943248981,0.0397006943248981,0.2687698592827961,0.2687698592827961,0.2687698592827961,0.2687698592827961,0.2687698592827961,7.59406779661017,7.4,5.2,7.4,9.275,15.00196377918394,15.00196377918394,15.00196377918394,15.00196377918394,15.00196377918394
Marshall,PM25,2021,4.524664125245198,4.524664125245198,4.524664125245198,4.524664125245198,4.524664125245198,0.0397006943248981,0.0397006943248981,0.0397006943248981,0.0397006943248981,0.0397006943248981,0.2687698592827961,0.2687698592827961,0.2687698592827961,0.2687698592827961,0.2687698592827961,11.403427172582619,9.5,6.7,9.5,14.6,15.00196377918394,15.00196377918394,15.00196377918394,15.00196377918394,15.00196377918394
Marshall,PM25,2022,4.524664125245198,4.524664125245198,4.524664125245198,4.524664125245198,4.524664125245198,0.0397006943248981,0.0397006943248981,0.0397006943248981,0.0397006943248981,0.0397006943248981,0.2687698592827961,0.2687698592827961,0.2687698592827961,0.2687698592827961,0.2687698592827961,10.1746126340882,8.9,6.3,8.9,12.4,15.00196377918394,15.00196377918394,15.00196377918394,15.00196377918394,15.00196377918394
Marshall,PM25,2023,4.524664125245198,4.524664125245198,4.524664125245198,4.524664125245198,4.524664125245198,0.0397006943248981,0.0397006943248981,0.0397006943248981,0.0397006943248981,0.0397006943248981,0.2687698592827961,0.2687698592827961,0.2687698592827961,0.2687698592827961,0.2687698592827961,11.03737244897959,9.3,6.6,9.3,12.7,15.00196377918394,15.00196377918394,15.00196377918394,15.00196377918394,15.00196377918394
Marshall,PM25,2024,4.524664125245198,4.524664125245198,4.524664125245198,4.524664125245198,4.524664125245198,0.0397006943248981,0.0397006943248981,0.0397006943248981,0.0397006943248981,0.0397006943248981,0.2687698592827961,0.2687698592827961,0.2687698592827961,0.2687698592827961,0.2687698592827961,7.587665198237886,7.0,5.0,7.0,9.2,15.00196377918394,15.00196377918394,15.00196377918394,15.00196377918394,15.00196377918394
Marshall,SO2,2018,2.4767123287671233,2.0,2.0,2.0,3.0,0.0397006943248981,0.0397006943248981,0.0397006943248981,0.0397006943248981,0.0397006943248981,0.2687698592827961,0.2687698592827961,0.2687698592827961,0.2687698592827961,0.2687698592827961,7.983177516158818,7.983177516158818,7.983177516158818,7.983177516158818,7.983177516158818,15.00196377918394,15.00196377918394,15.00196377918394,15.00196377918394,15.00196377918394
Marshall,SO2,2019,3.438395415472779,3.0,2.0,3.0,5.0,0.0397006943248981,0.0397006943248981,0.0397006943248981,0.0397006943248981,0.0397006943248981,0.2687698592827961,0.2687698592827961,0.2687698592827961,0.2687698592827961,0.2687698592827961,7.983177516158818,7.983177516158818,7.983177516158818,7.983177516158818,7.983177516158818,15.00196377918394,15.00196377918394,15.00196377918394,15.00196377918394,15.00196377918394
Marshall,SO2,2020,3.5644699140401146,3.0,3.0,3.0,4.0,0.0397006943248981,0.0397006943248981,0.0397006943248981,0.0397006943248981,0.0397006943248981,0.2687698592827961,0.2687698592827961,0.2687698592827961,0.2687698592827961,0.2687698592827961,7.983177516158818,7.983177516158818,7.983177516158818,7.983177516158818,7.983177516158818,15.00196377918394,15.00196377918394,15.00196377918394,15.00196377918394,15.00196377918394
Marshall,SO2,2021,3.6537396121883656,3.0,3.0,3.0,4.0,0.0397006943248981,0.0397006943248981,0.0397006943248981,0.0397006943248981,0.0397006943248981,0.2687698592827961,0.2687698592827961,0.2687698592827961,0.2687698592827961,0.2687698592827961,7.983177516158818,7.983177516158818,7.983177516158818,7.983177516158818,7.983177516158818,15.00196377918394,15.00196377918394,15.00196377918394,15.00196377918394,15.00196377918394
Marshall,SO2,2022,3.117808219178082,3.0,2.0,3.0,4.0,0.0397006943248981,0.0397006943248981,0.0397006943248981,0.0397006943248981,0.0397006943248981,0.2687698592827961,0.2687698592827961,0.2687698592827961,0.2687698592827961,0.2687698592827961,7.983177516158818,7.983177516158818,7.983177516158818,7.983177516158818,7.983177516158818,15.00196377918394,15.00196377918394,15.00196377918394,15.00196377918394,15.00196377918394
Marshall,SO2,2023,1.7348066298342542,2.0,1.0,2.0,2.75,0.0397006943248981,0.0397006943248981,0.0397006943248981,0.0397006943248981,0.0397006943248981,0.2687698592827961,0.2687698592827961,0.2687698592827961,0.2687698592827961,0.2687698592827961,7.983177516158818,7.983177516158818,7.983177516158818,7.983177516158818,7.983177516158818,15.00196377918394,15.00196377918394,15.00196377918394,15.00196377918394,15.00196377918394
Marshall,SO2,2024,1.602189781021898,1.0,1.0,1.0,2.0,0.0397006943248981,0.0397006943248981,0.0397006943248981,0.0397006943248981,0.0397006943248981,0.2687698592827961,0.2687698592827961,0.2687698592827961,0.2687698592827961,0.2687698592827961,7.983177516158819,7.983177516158818,7.983177516158818,7.983177516158818,7.983177516158818,15.00196377918394,15.00196377918394,15.00196377918394,15.00196377918394,15.00196377918394
Mason,SO2,2018,6.0654178674351575,1.8,0.7,1.8,5.7,0.0397006943248981,0.0397006943248981,0.0397006943248981,0.0397006943248981,0.0397006943248981,0.2687698592827961,0.2687698592827961,0.2687698592827961,0.2687698592827961,0.2687698592827961,7.983177516158819,7.983177516158818,7.983177516158818,7.983177516158818,7.983177516158818,15.00196377918394,15.00196377918394,15.00196377918394,15.00196377918394,15.00196377918394
Mason,SO2,2019,5.947222222222222,1.5,0.0,1.5,7.0,0.0397006943248981,0.0397006943248981,0.0397006943248981,0.0397006943248981,0.0397006943248981,0.2687698592827961,0.2687698592827961,0.2687698592827961,0.2687698592827961,0.2687698592827961,7.983177516158818,7.983177516158818,7.983177516158818,7.983177516158818,7.983177516158818,15.00196377918394,15.00196377918394,15.00196377918394,15.00196377918394,15.00196377918394
Mason,SO2,2020,6.430939226519337,1.0,0.0,1.0,7.0,0.0397006943248981,0.0397006943248981,0.0397006943248981,0.0397006943248981,0.0397006943248981,0.2687698592827961,0.2687698592827961,0.2687698592827961,0.2687698592827961,0.2687698592827961,7.983177516158818,7.983177516158818,7.983177516158818,7.983177516158818,7.983177516158818,15.00196377918394,15.00196377918394,15.00196377918394,15.00196377918394,15.00196377918394
Mason,SO2,2021,5.101408450704225,2.0,0.0,2.0,5.0,0.0397006943248981,0.0397006943248981,0.0397006943248981,0.0397006943248981,0.0397006943248981,0.2687698592827961,0.2687698592827961,0.2687698592827961,0.2687698592827961,0.2687698592827961,7.983177516158818,7.983177516158818,7.983177516158818,7.983177516158818,7.983177516158818,15.00196377918394,15.00196377918394,15.00196377918394,15.00196377918394,15.00196377918394
Mason,SO2,2022,3.547550432276657,1.0,0.0,1.0,4.0,0.0397006943248981,0.0397006943248981,0.0397006943248981,0.0397006943248981,0.0397006943248981,0.2687698592827961,0.2687698592827961,0.2687698592827961,0.2687698592827961,0.2687698592827961,7.983177516158819,7.983177516158818,7.983177516158818,7.983177516158818,7.983177516158818,15.00196377918394,15.00196377918394,15.00196377918394,15.00196377918394,15.00196377918394
Mason,SO2,2023,4.5497237569060776,1.0,0.25,1.0,6.0,0.0397006943248981,0.0397006943248981,0.0397006943248981,0.0397006943248981,0.0397006943248981,0.2687698592827961,0.2687698592827961,0.2687698592827961,0.2687698592827961,0.2687698592827961,7.983177516158818,7.983177516158818,7.983177516158818,7.983177516158818,7.983177516158818,15.00196377918394,15.00196377918394,15.00196377918394,15.00196377918394,15.00196377918394
Mason,SO2,2024,9.745454545454546,2.0,1.0,2.0,12.0,0.0397006943248981,0.0397006943248981,0.0397006943248981,0.0397006943248981,0.0397006943248981,0.2687698592827961,0.2687698592827961,0.2687698592827961,0.2687698592827961,0.2687698592827961,7.983177516158818,7.983177516158818,7.983177516158818,7.983177516158818,7.983177516158818,15.00196377918394,15.00196377918394,15.00196377918394,15.00196377918394,15.00196377918394
Mineral,SO2,2018,17.453867403314916,2.1,0.8,2.1,9.3,0.0397006943248981,0.0397006943248981,0.0397006943248981,0.0397006943248981,0.0397006943248981,0.2687698592827961,0.2687698592827961,0.2687698592827961,0.2687698592827961,0.2687698592827961,7.983177516158818,7.983177516158818,7.983177516158818,7.983177516158818,7.983177516158818,15.00196377918394,15.00196377918394,15.00196377918394,15.00196377918394,15.00196377918394
Mineral,SO2,2019,9.55203488372093,2.2,1.6,2.2,3.1,0.0397006943248981,0.0397006943248981,0.0397006943248981,0.0397006943248981,0.0397006943248981,0.2687698592827961,0.2687698592827961,0.2687698592827961,0.2687698592827961,0.2687698592827961,7.983177516158818,7.983177516158818,7.983177516158818,7.983177516158818,7.983177516158818,15.00196377918394,15.00196377918394,15.00196377918394,15.00196377918394,15.00196377918394
Mineral,SO2,2020,1.1970149253731344,1.2,1.0,1.2,1.4,0.0397006943248981,0.0397006943248981,0.0397006943248981,0.0397006943248981,0.0397006943248981,0.2687698592827961,0.2687698592827961,0.2687698592827961,0.2687698592827961,0.2687698592827961,7.983177516158818,7.983177516158818,7.983177516158818,7.983177516158818,7.983177516158818,15.00196377918394,15.00196377918394,15.00196377918394,15.00196377918394,15.00196377918394
Monongalia,Ozone,2018,4.524664125245198,4.524664125245198,4.524664125245198,4.524664125245198,4.524664125245198,0.04006276150627615,0.04,0.034,0.04,0.047,0.2687698592827961,0.2687698592827961,0.2687698592827961,0.2687698592827961,0.2687698592827961,7.983177516158818,7.983177516158818,7.983177516158818,7.983177516158818,7.983177516158818,15.00196377918394,15.00196377918394,15.00196377918394,15.00196377918394,15.00196377918394
Monongalia,Ozone,2019,4.524664125245198,4.524664125245198,4.524664125245198,4.524664125245198,4.524664125245198,0.0430042194092827,0.043,0.038,0.043,0.049,0.2687698592827961,0.2687698592827961,0.2687698592827961,0.2687698592827961,0.2687698592827961,7.983177516158818,7.983177516158818,7.983177516158818,7.983177516158818,7.983177516158818,15.00196377918394,15.00196377918394,15.00196377918394,15.00196377918394,15.00196377918394
Monongalia,Ozone,2020,4.524664125245198,4.524664125245198,4.524664125245198,4.524664125245198,4.524664125245198,0.040817391304347826,0.042,0.035250000000000004,0.042,0.047,0.2687698592827961,0.2687698592827961,0.2687698592827961,0.2687698592827961,0.2687698592827961,7.983177516158818,7.983177516158818,7.983177516158818,7.983177516158818,7.983177516158818,15.00196377918394,15.00196377918394,15.00196377918394,15.00196377918394,15.00196377918394
Monongalia,Ozone,2021,4.524664125245198,4.524664125245198,4.524664125245198,4.524664125245198,4.524664125245198,0.04118357487922705,0.042,0.035,0.042,0.047,0.2687698592827961,0.2687698592827961,0.2687698592827961,0.2687698592827961,0.2687698592827961,7.983177516158818,7.983177516158818,7.983177516158818,7.983177516158818,7.983177516158818,15.001963779183942,15.00196377918394,15.00196377918394,15.00196377918394,15.00196377918394
Monongalia,Ozone,2022,4.524664125245198,4.524664125245198,4.524664125245198,4.524664125245198,4.524664125245198,0.03888725490196079,0.039,0.03475,0.039,0.044,0.2687698592827961,0.2687698592827961,0.2687698592827961,0.2687698592827961,0.2687698592827961,7.983177516158818,7.983177516158818,7.983177516158818,7.983177516158818,7.983177516158818,15.00196377918394,15.00196377918394,15.00196377918394,15.00196377918394,15.00196377918394
Monongalia,Ozone,2023,4.524664125245198,4.524664125245198,4.524664125245198,4.524664125245198,4.524664125245198,0.04398319327731092,0.045,0.038,0.045,0.05,0.2687698592827961,0.2687698592827961,0.2687698592827961,0.2687698592827961,0.2687698592827961,7.983177516158818,7.983177516158818,7.983177516158818,7.983177516158818,7.983177516158818,15.00196377918394,15.00196377918394,15.00196377918394,15.00196377918394,15.00196377918394
Monongalia,Ozone,2024,4.524664125245198,4.524664125245198,4.524664125245198,4.524664125245198,4.524664125245198,0.04523529411764706,0.046,0.039,0.046,0.052,0.2687698592827961,0.2687698592827961,0.2687698592827961,0.2687698592827961,0.2687698592827961,7.983177516158818,7.983177516158818,7.983177516158818,7.983177516158818,7.983177516158818,15.00196377918394,15.00196377918394,15.00196377918394,15.00196377918394,15.00196377918394
Monongalia,PM25,2018,4.524664125245198,4.524664125245198,4.524664125245198,4.524664125245198,4.524664125245198,0.0397006943248981,0.0397006943248981,0.0397006943248981,0.0397006943248981,0.0397006943248981,0.2687698592827961,0.2687698592827961,0.2687698592827961,0.2687698592827961,0.2687698592827961,6.803191489361702,5.9,4.0,5.9,8.575,15.00196377918394,15.00196377918394,15.00196377918394,15.00196377918394,15.00196377918394
Monongalia,PM25,2019,4.524664125245198,4.524664125245198,4.524664125245198,4.524664125245198,4.524664125245198,0.0397006943248981,0.0397006943248981,0.0397006943248981,0.0397006943248981,0.0397006943248981,0.2687698592827961,0.2687698592827961,0.2687698592827961,0.2687698592827961,0.2687698592827961,7.198245614035088,6.95,4.6,6.95,8.975,15.00196377918394,15.00196377918394,15.00196377918394,15.00196377918394,15.00196377918394
Monongalia,PM25,2020,4.524664125245199,4.524664125245198,4.524664125245198,4.524664125245198,4.524664125245198,0.0397006943248981,0.0397006943248981,0.0397006943248981,0.0397006943248981,0.0397006943248981,0.2687698592827961,0.2687698592827961,0.2687698592827961,0.2687698592827961,0.2687698592827961,6.250847457627119,5.7,4.125,5.7,7.4,15.00196377918394,15.00196377918394,15.00196377918394,15.00196377918394,15.00196377918394
Monongalia,PM25,2021,4.524664125245198,4.524664125245198,4.524664125245198,4.524664125245198,4.524664125245198,0.0397006943248981,0.0397006943248981,0.0397006943248981,0.0397006943248981,0.0397006943248981,0.2687698592827961,0.2687698592827961,0.2687698592827961,0.2687698592827961,0.2687698592827961,7.770940170940172,6.7,4.7,6.7,10.0,15.00196377918394,15.00196377918394,15.00196377918394,15.00196377918394,15.00196377918394
Monongalia,PM25,2022,4.524664125245198,4.524664125245198,4.524664125245198,4.524664125245198,4.524664125245198,0.0397006943248981,0.0397006943248981,0.0397006943248981,0.0397006943248981,0.0397006943248981,0.2687698592827961,0.2687698592827961,0.2687698592827961,0.2687698592827961,0.2687698592827961,7.011926605504587,6.1,4.7,6.1,8.9,15.00196377918394,15.00196377918394,15.00196377918394,15.00196377918394,15.00196377918394
Monongalia,PM25,2023,4.524664125245198,4.524664125245198,4.524664125245198,4.524664125245198,4.524664125245198,0.0397006943248981,0.0397006943248981,0.0397006943248981,0.0397006943248981,0.0397006943248981,0.2687698592827961,0.2687698592827961,0.2687698592827961,0.2687698592827961,0.2687698592827961,8.410909090909092,6.85,4.7,6.85,9.2,15.00196377918394,15.00196377918394,15.00196377918394,15.00196377918394,15.00196377918394
Monongalia,PM25,2024,4.524664125245198,4.524664125245198,4.524664125245198,4.524664125245198,4.524664125245198,0.0397006943248981,0.0397006943248981,0.0397006943248981,0.0397006943248981,0.0397006943248981,0.2687698592827961,0.2687698592827961,0.2687698592827961,0.2687698592827961,0.2687698592827961,6.586206896551724,6.7,3.6,6.7,9.0,15.00196377918394,15.00196377918394,15.00196377918394,15.00196377918394,15.00196377918394
Monongalia,SO2,2018,2.9375,2.0,1.0,2.0,3.0,0.0397006943248981,0.0397006943248981,0.0397006943248981,0.0397006943248981,0.0397006943248981,0.2687698592827961,0.2687698592827961,0.2687698592827961,0.2687698592827961,0.2687698592827961,7.983177516158818,7.983177516158818,7.983177516158818,7.983177516158818,7.983177516158818,15.001963779183942,15.00196377918394,15.00196377918394,15.00196377918394,15.00196377918394
Monongalia,SO2,2019,2.781163434903047,2.0,1.0,2.0,3.0,0.0397006943248981,0.0397006943248981,0.0397006943248981,0.0397006943248981,0.0397006943248981,0.2687698592827961,0.2687698592827961,0.2687698592827961,0.2687698592827961,0.2687698592827961,7.983177516158818,7.983177516158818,7.983177516158818,7.983177516158818,7.983177516158818,15.00196377918394,15.00196377918394,15.00196377918394,15.00196377918394,15.00196377918394
Monongalia,SO2,2020,1.6822157434402332,1.0,1.0,1.0,2.0,0.0397006943248981,0.0397006943248981,0.0397006943248981,0.0397006943248981,0.0397006943248981,0.2687698592827961,0.2687698592827961,0.2687698592827961,0.2687698592827961,0.2687698592827961,7.983177516158818,7.983177516158818,7.983177516158818,7.983177516158818,7.983177516158818,15.001963779183942,15.00196377918394,15.00196377918394,15.00196377918394,15.00196377918394
Monongalia,SO2,2021,1.9721448467966574,1.0,1.0,1.0,2.0,0.0397006943248981,0.0397006943248981,0.0397006943248981,0.0397006943248981,0.0397006943248981,0.2687698592827961,0.2687698592827961,0.2687698592827961,0.2687698592827961,0.2687698592827961,7.983177516158818,7.983177516158818,7.983177516158818,7.983177516158818,7.983177516158818,15.001963779183942,15.00196377918394,15.00196377918394,15.00196377918394,15.00196377918394
Monongalia,SO2,2022,2.0934065934065935,2.0,1.0,2.0,2.0,0.0397006943248981,0.0397006943248981,0.0397006943248981,0.0397006943248981,0.0397006943248981,0.2687698592827961,0.2687698592827961,0.2687698592827961,0.2687698592827961,0.2687698592827961,7.983177516158818,7.983177516158818,7.983177516158818,7.983177516158818,7.983177516158818,15.00196377918394,15.00196377918394,15.00196377918394,15.00196377918394,15.00196377918394
Monongalia,SO2,2023,1.6140845070422536,1.0,0.0,1.0,2.0,0.0397006943248981,0.0397006943248981,0.0397006943248981,0.0397006943248981,0.0397006943248981,0.2687698592827961,0.2687698592827961,0.2687698592827961,0.2687698592827961,0.2687698592827961,7.983177516158818,7.983177516158818,7.983177516158818,7.983177516158818,7.983177516158818,15.00196377918394,15.00196377918394,15.00196377918394,15.00196377918394,15.00196377918394
Monongalia,SO2,2024,2.0265486725663715,2.0,1.0,2.0,3.0,0.0397006943248981,0.0397006943248981,0.0397006943248981,0.0397006943248981,0.0397006943248981,0.2687698592827961,0.2687698592827961,0.2687698592827961,0.2687698592827961,0.2687698592827961,7.983177516158818,7.983177516158818,7.983177516158818,7.983177516158818,7.983177516158818,15.00196377918394,15.00196377918394,15.00196377918394,15.00196377918394,15.00196377918394
Ohio,Ozone,2018,4.524664125245198,4.524664125245198,4.524664125245198,4.524664125245198,4.524664125245198,0.04200409836065574,0.043,0.036,0.043,0.049,0.2687698592827961,0.2687698592827961,0.2687698592827961,0.2687698592827961,0.2687698592827961,7.983177516158818,7.983177516158818,7.983177516158818,7.983177516158818,7.983177516158818,15.00196377918394,15.00196377918394,15.00196377918394,15.00196377918394,15.00196377918394
Ohio,Ozone,2019,4.524664125245198,4.524664125245198,4.524664125245198,4.524664125245198,4.524664125245198,0.04331687242798354,0.044,0.038,0.044,0.049,0.2687698592827961,0.2687698592827961,0.2687698592827961,0.2687698592827961,0.2687698592827961,7.983177516158818,7.983177516158818,7.983177516158818,7.983177516158818,7.983177516158818,15.00196377918394,15.00196377918394,15.00196377918394,15.00196377918394,15.00196377918394
Ohio,Ozone,2020,4.524664125245198,4.524664125245198,4.524664125245198,4.524664125245198,4.524664125245198,0.04103043478260869,0.0415,0.035,0.0415,0.048,0.2687698592827961,0.2687698592827961,0.2687698592827961,0.2687698592827961,0.2687698592827961,7.983177516158818,7.983177516158818,7.983177516158818,7.983177516158818,7.983177516158818,15.00196377918394,15.00196377918394,15.00196377918394,15.00196377918394,15.00196377918394
Ohio,Ozone,2021,4.524664125245198,4.524664125245198,4.524664125245198,4.524664125245198,4.524664125245198,0.04000411522633745,0.04,0.034,0.04,0.046,0.2687698592827961,0.2687698592827961,0.2687698592827961,0.2687698592827961,0.2687698592827961,7.983177516158818,7.983177516158818,7.983177516158818,7.983177516158818,7.983177516158818,15.00196377918394,15.00196377918394,15.00196377918394,15.00196377918394,15.00196377918394
Ohio,Ozone,2022,4.524664125245198,4.524664125245198,4.524664125245198,4.524664125245198,4.524664125245198,0.037795833333333334,0.0375,0.033,0.0375,0.043,0.2687698592827961,0.2687698592827961,0.2687698592827961,0.2687698592827961,0.2687698592827961,7.983177516158818,7.983177516158818,7.983177516158818,7.983177516158818,7.983177516158818,15.00196377918394,15.00196377918394,15.00196377918394,15.00196377918394,15.00196377918394
Ohio,Ozone,2023,4.524664125245198,4.524664125245198,4.524664125245198,4.524664125245198,4.524664125245198,0.042697095435684645,0.043,0.036,0.043,0.051,0.2687698592827962,0.2687698592827961,0.2687698592827961,0.2687698592827961,0.2687698592827961,7.983177516158818,7.983177516158818,7.983177516158818,7.983177516158818,7.983177516158818,15.00196377918394,15.00196377918394,15.00196377918394,15.00196377918394,15.00196377918394
Ohio,Ozone,2024,4.524664125245198,4.524664125245198,4.524664125245198,4.524664125245198,4.524664125245198,0.04362396694214876,0.044,0.037,0.044,0.05,0.2687698592827961,0.2687698592827961,0.2687698592827961,0.2687698592827961,0.2687698592827961,7.983177516158818,7.983177516158818,7.983177516158818,7.983177516158818,7.983177516158818,15.00196377918394,15.00196377918394,15.00196377918394,15.00196377918394,15.00196377918394
Ohio,PM25,2018,4.524664125245198,4.524664125245198,4.524664125245198,4.524664125245198,4.524664125245198,0.0397006943248981,0.0397006943248981,0.0397006943248981,0.0397006943248981,0.0397006943248981,0.2687698592827961,0.2687698592827961,0.2687698592827961,0.2687698592827961,0.2687698592827961,7.568067226890756,6.9,5.05,6.9,9.3,15.00196377918394,15.00196377918394,15.00196377918394,15.00196377918394,15.00196377918394
Ohio,PM25,2019,4.524664125245199,4.524664125245198,4.524664125245198,4.524664125245198,4.524664125245198,0.0397006943248981,0.0397006943248981,0.0397006943248981,0.0397006943248981,0.0397006943248981,0.2687698592827961,0.2687698592827961,0.2687698592827961,0.2687698592827961,0.2687698592827961,8.102542372881356,7.5,5.2,7.5,10.375,15.00196377918394,15.00196377918394,15.00196377918394,15.00196377918394,15.00196377918394
Ohio,PM25,2020,4.524664125245198,4.524664125245198,4.524664125245198,4.524664125245198,4.524664125245198,0.0397006943248981,0.0397006943248981,0.0397006943248981,0.0397006943248981,0.0397006943248981,0.2687698592827961,0.2687698592827961,0.2687698592827961,0.2687698592827961,0.2687698592827961,6.678333333333333,6.2,4.55,6.2,8.1,15.00196377918394,15.00196377918394,15.00196377918394,15.00196377918394,15.00196377918394
Ohio,PM25,2021,4.524664125245199,4.524664125245198,4.524664125245198,4.524664125245198,4.524664125245198,0.0397006943248981,0.0397006943248981,0.0397006943248981,0.0397006943248981,0.0397006943248981,0.2687698592827961,0.2687698592827961,0.2687698592827961,0.2687698592827961,0.2687698592827961,8.554237288135592,7.55,5.0,7.55,10.975,15.00196377918394,15.00196377918394,15.00196377918394,15.00196377918394,15.00196377918394
Ohio,PM25,2022,4.524664125245198,4.524664125245198,4.524664125245198,4.524664125245198,4.524664125245198,0.0397006943248981,0.0397006943248981,0.0397006943248981,0.0397006943248981,0.0397006943248981,0.2687698592827961,0.2687698592827961,0.2687698592827961,0.2687698592827961,0.2687698592827961,7.354918032786885,7.05,5.025,7.05,8.95,15.00196377918394,15.00196377918394,15.00196377918394,15.00196377918394,15.00196377918394
Ohio,PM25,2023,4.524664125245198,4.524664125245198,4.524664125245198,4.524664125245198,4.524664125245198,0.0397006943248981,0.0397006943248981,0.0397006943248981,0.0397006943248981,0.0397006943248981,0.2687698592827961,0.2687698592827961,0.2687698592827961,0.2687698592827961,0.2687698592827961,8.98421052631579,7.1,5.325,7.1,9.85,15.00196377918394,15.00196377918394,15.00196377918394,15.00196377918394,15.00196377918394
Ohio,PM25,2024,4.524664125245198,4.524664125245198,4.524664125245198,4.524664125245198,4.524664125245198,0.0397006943248981,0.0397006943248981,0.0397006943248981,0.0397006943248981,0.0397006943248981,0.2687698592827961,0.2687698592827961,0.2687698592827961,0.2687698592827961,0.2687698592827961,6.941111111111112,6.95,4.55,6.95,9.45,15.00196377918394,15.00196377918394,15.00196377918394,15.00196377918394,15.00196377918394
Tucker,Ozone,2018,4.524664125245198,4.524664125245198,4.524664125245198,4.524664125245198,4.524664125245198,0.03736740331491713,0.037,0.03,0.037,0.043,0.2687698592827961,0.2687698592827961,0.2687698592827961,0.2687698592827961,0.2687698592827961,7.983177516158818,7.983177516158818,7.983177516158818,7.983177516158818,7.983177516158818,15.00196377918394,15.00196377918394,15.00196377918394,15.00196377918394,15.00196377918394
Tucker,Ozone,2019,4.524664125245198,4.524664125245198,4.524664125245198,4.524664125245198,4.524664125245198,0.03834916201117318,0.038,0.03225,0.038,0.045,0.2687698592827961,0.2687698592827961,0.2687698592827961,0.2687698592827961,0.2687698592827961,7.983177516158819,7.983177516158818,7.983177516158818,7.983177516158818,7.983177516158818,15.001963779183939,15.00196377918394,15.00196377918394,15.00196377918394,15.00196377918394
Tucker,Ozone,2020,4.524664125245198,4.524664125245198,4.524664125245198,4.524664125245198,4.524664125245198,0.03622191011235955,0.036,0.03,0.036,0.042,0.2687698592827961,0.2687698592827961,0.2687698592827961,0.2687698592827961,0.2687698592827961,7.983177516158817,7.983177516158818,7.983177516158818,7.983177516158818,7.983177516158818,15.00196377918394,15.00196377918394,15.00196377918394,15.00196377918394,15.00196377918394
Tucker,Ozone,2021,4.524664125245198,4.524664125245198,4.524664125245198,4.524664125245198,4.524664125245198,0.03746260387811634,0.037,0.031,0.037,0.043,0.2687698592827961,0.2687698592827961,0.2687698592827961,0.2687698592827961,0.2687698592827961,7.983177516158818,7.983177516158818,7.983177516158818,7.983177516158818,7.983177516158818,15.00196377918394,15.00196377918394,15.00196377918394,15.00196377918394,15.00196377918394
Tucker,Ozone,2022,4.524664125245198,4.524664125245198,4.524664125245198,4.524664125245198,4.524664125245198,0.03762880886426593,0.038,0.032,0.038,0.043,0.2687698592827961,0.2687698592827961,0.2687698592827961,0.2687698592827961,0.2687698592827961,7.983177516158818,7.983177516158818,7.983177516158818,7.983177516158818,7.983177516158818,15.00196377918394,15.00196377918394,15.00196377918394,15.00196377918394,15.00196377918394
Tucker,Ozone,2023,4.524664125245198,4.524664125245198,4.524664125245198,4.524664125245198,4.524664125245198,0.03928412256267409,0.039,0.032,0.039,0.046,0.2687698592827961,0.2687698592827961,0.2687698592827961,0.2687698592827961,0.2687698592827961,7.983177516158818,7.983177516158818,7.983177516158818,7.983177516158818,7.983177516158818,15.001963779183942,15.00196377918394,15.00196377918394,15.00196377918394,15.00196377918394
Tucker,Ozone,2024,4.524664125245198,4.524664125245198,4.524664125245198,4.524664125245198,4.524664125245198,0.039498607242339834,0.04,0.033,0.04,0.047,0.2687698592827961,0.2687698592827961,0.2687698592827961,0.2687698592827961,0.2687698592827961,7.983177516158818,7.983177516158818,7.983177516158818,7.983177516158818,7.983177516158818,15.001963779183942,15.00196377918394,15.00196377918394,15.00196377918394,15.00196377918394
Tucker,PM25,2018,4.524664125245198,4.524664125245198,4.524664125245198,4.524664125245198,4.524664125245198,0.0397006943248981,0.0397006943248981,0.0397006943248981,0.0397006943248981,0.0397006943248981,0.2687698592827961,0.2687698592827961,0.2687698592827961,0.2687698592827961,0.2687698592827961,4.148739495798319,3.4,2.1,3.4,5.6,15.00196377918394,15.00196377918394,15.00196377918394,15.00196377918394,15.00196377918394
Tucker,PM25,2019,4.524664125245198,4.524664125245198,4.524664125245198,4.524664125245198,4.524664125245198,0.0397006943248981,0.0397006943248981,0.0397006943248981,0.0397006943248981,0.0397006943248981,0.2687698592827961,0.2687698592827961,0.2687698592827961,0.2687698592827961,0.2687698592827961,3.7642857142857147,3.1500000000000004,2.075,3.1500000000000004,4.825,15.00196377918394,15.00196377918394,15.00196377918394,15.00196377918394,15.00196377918394
Tucker,PM25,2020,4.524664125245198,4.524664125245198,4.524664125245198,4.524664125245198,4.524664125245198,0.0397006943248981,0.0397006943248981,0.0397006943248981,0.0397006943248981,0.0397006943248981,0.2687698592827961,0.2687698592827961,0.2687698592827961,0.2687698592827961,0.2687698592827961,3.0241666666666664,2.6500000000000004,1.9,2.6500000000000004,3.725,15.00196377918394,15.00196377918394,15.00196377918394,15.00196377918394,15.00196377918394
Tucker,PM25,2021,4.524664125245198,4.524664125245198,4.524664125245198,4.524664125245198,4.524664125245198,0.0397006943248981,0.0397006943248981,0.0397006943248981,0.0397006943248981,0.0397006943248981,0.2687698592827961,0.2687698592827961,0.2687698592827961,0.2687698592827961,0.2687698592827961,4.09344262295082,2.9,2.1,2.9,5.15,15.00196377918394,15.00196377918394,15.00196377918394,15.00196377918394,15.00196377918394
Tucker,PM25,2022,4.524664125245198,4.524664125245198,4.524664125245198,4.524664125245198,4.524664125245198,0.0397006943248981,0.0397006943248981,0.0397006943248981,0.0397006943248981,0.0397006943248981,0.2687698592827961,0.2687698592827961,0.2687698592827961,0.2687698592827961,0.2687698592827961,3.693388429752066,3.0,2.2,3.0,4.5,15.00196377918394,15.00196377918394,15.00196377918394,15.00196377918394,15.00196377918394
Tucker,PM25,2023,4.524664125245198,4.524664125245198,4.524664125245198,4.524664125245198,4.524664125245198,0.0397006943248981,0.0397006943248981,0.0397006943248981,0.0397006943248981,0.0397006943248981,0.2687698592827961,0.2687698592827961,0.2687698592827961,0.2687698592827961,0.2687698592827961,4.609166666666667,3.6500000000000004,2.3,3.6500000000000004,5.4,15.00196377918394,15.00196377918394,15.00196377918394,15.00196377918394,15.00196377918394
Tucker,PM25,2024,4.524664125245198,4.524664125245198,4.524664125245198,4.524664125245198,4.524664125245198,0.0397006943248981,0.0397006943248981,0.0397006943248981,0.0397006943248981,0.0397006943248981,0.2687698592827961,0.2687698592827961,0.2687698592827961,0.2687698592827961,0.2687698592827961,2.5903225806451613,1.9,1.2,1.9,3.4,15.00196377918394,15.00196377918394,15.00196377918394,15.00196377918394,15.00196377918394
Wood,Ozone,2018,4.524664125245198,4.524664125245198,4.524664125245198,4.524664125245198,4.524664125245198,0.03863598326359833,0.039,0.034,0.039,0.045,0.2687698592827961,0.2687698592827961,0.2687698592827961,0.2687698592827961,0.2687698592827961,7.983177516158818,7.983177516158818,7.983177516158818,7.983177516158818,7.983177516158818,15.00196377918394,15.00196377918394,15.00196377918394,15.00196377918394,15.00196377918394
Wood,Ozone,2019,4.524664125245198,4.524664125245198,4.524664125245198,4.524664125245198,4.524664125245198,0.04186919831223629,0.042,0.036,0.042,0.047,0.2687698592827961,0.2687698592827961,0.2687698592827961,0.2687698592827961,0.2687698592827961,7.983177516158818,7.983177516158818,7.983177516158818,7.983177516158818,7.983177516158818,15.00196377918394,15.00196377918394,15.00196377918394,15.00196377918394,15.00196377918394
Wood,Ozone,2020,4.524664125245198,4.524664125245198,4.524664125245198,4.524664125245198,4.524664125245198,0.03825592417061611,0.039,0.033,0.039,0.044,0.2687698592827961,0.2687698592827961,0.2687698592827961,0.2687698592827961,0.2687698592827961,7.983177516158819,7.983177516158818,7.983177516158818,7.983177516158818,7.983177516158818,15.001963779183942,15.00196377918394,15.00196377918394,15.00196377918394,15.00196377918394
Wood,Ozone,2021,4.524664125245198,4.524664125245198,4.524664125245198,4.524664125245198,4.524664125245198,0.03898941798941799,0.039,0.033,0.039,0.045,0.2687698592827961,0.2687698592827961,0.2687698592827961,0.2687698592827961,0.2687698592827961,7.983177516158817,7.983177516158818,7.983177516158818,7.983177516158818,7.983177516158818,15.00196377918394,15.00196377918394,15.00196377918394,15.00196377918394,15.00196377918394
Wood,Ozone,2022,4.524664125245198,4.524664125245198,4.524664125245198,4.524664125245198,4.524664125245198,0.040507317073170734,0.04,0.035,0.04,0.046,0.2687698592827961,0.2687698592827961,0.2687698592827961,0.2687698592827961,0.2687698592827961,7.983177516158817,7.983177516158818,7.983177516158818,7.983177516158818,7.983177516158818,15.00196377918394,15.00196377918394,15.00196377918394,15.00196377918394,15.00196377918394
Wood,Ozone,2023,4.524664125245198,4.524664125245198,4.524664125245198,4.524664125245198,4.524664125245198,0.042316742081447964,0.042,0.036,0.042,0.049,0.2687698592827961,0.2687698592827961,0.2687698592827961,0.2687698592827961,0.2687698592827961,7.983177516158817,7.983177516158818,7.983177516158818,7.983177516158818,7.983177516158818,15.00196377918394,15.00196377918394,15.00196377918394,15.00196377918394,15.00196377918394
Wood,Ozone,2024,4.524664125245198,4.524664125245198,4.524664125245198,4.524664125245198,4.524664125245198,0.04478861788617886,0.045,0.039,0.045,0.051,0.2687698592827961,0.2687698592827961,0.2687698592827961,0.2687698592827961,0.2687698592827961,7.983177516158818,7.983177516158818,7.983177516158818,7.983177516158818,7.983177516158818,15.00196377918394,15.00196377918394,15.00196377918394,15.00196377918394,15.00196377918394
Wood,PM25,2018,4.524664125245198,4.524664125245198,4.524664125245198,4.524664125245198,4.524664125245198,0.0397006943248981,0.0397006943248981,0.0397006943248981,0.0397006943248981,0.0397006943248981,0.2687698592827961,0.2687698592827961,0.2687698592827961,0.2687698592827961,0.2687698592827961,7.714876033057851,7.0,5.1,7.0,9.6,15.00196377918394,15.00196377918394,15.00196377918394,15.00196377918394,15.00196377918394
Wood,PM25,2019,4.524664125245198,4.524664125245198,4.524664125245198,4.524664125245198,4.524664125245198,0.0397006943248981,0.0397006943248981,0.0397006943248981,0.0397006943248981,0.0397006943248981,0.2687698592827961,0.2687698592827961,0.2687698592827961,0.2687698592827961,0.2687698592827961,7.771698113207547,7.15,5.25,7.15,9.875,15.00196377918394,15.00196377918394,15.00196377918394,15.00196377918394,15.00196377918394
Wood,PM25,2020,4.524664125245198,4.524664125245198,4.524664125245198,4.524664125245198,4.524664125245198,0.0397006943248981,0.0397006943248981,0.0397006943248981,0.0397006943248981,0.0397006943248981,0.2687698592827961,0.2687698592827961,0.2687698592827961,0.2687698592827961,0.2687698592827961,7.026890756302522,6.4,4.5,6.4,8.7,15.00196377918394,15.00196377918394,15.00196377918394,15.00196377918394,15.00196377918394
Wood,PM25,2021,4.524664125245198,4.524664125245198,4.524664125245198,4.524664125245198,4.524664125245198,0.0397006943248981,0.0397006943248981,0.0397006943248981,0.0397006943248981,0.0397006943248981,0.2687698592827961,0.2687698592827961,0.2687698592827961,0.2687698592827961,0.2687698592827961,7.950833333333334,7.25,4.7,7.25,9.975,15.00196377918394,15.00196377918394,15.00196377918394,15.00196377918394,15.00196377918394
Wood,PM25,2022,4.524664125245198,4.524664125245198,4.524664125245198,4.524664125245198,4.524664125245198,0.0397006943248981,0.0397006943248981,0.0397006943248981,0.0397006943248981,0.0397006943248981,0.2687698592827961,0.2687698592827961,0.2687698592827961,0.2687698592827961,0.2687698592827961,7.440350877192983,7.0,5.025,7.0,8.875,15.00196377918394,15.00196377918394,15.00196377918394,15.00196377918394,15.00196377918394
Wood,PM25,2023,4.524664125245198,4.524664125245198,4.524664125245198,4.524664125245198,4.524664125245198,0.03970069432489811,0.0397006943248981,0.0397006943248981,0.0397006943248981,0.0397006943248981,0.2687698592827961,0.2687698592827961,0.2687698592827961,0.2687698592827961,0.2687698592827961,8.924347826086956,7.7,5.2,7.7,9.7,15.00196377918394,15.00196377918394,15.00196377918394,15.00196377918394,15.00196377918394
Wood,PM25,2024,4.524664125245198,4.524664125245198,4.524664125245198,4.524664125245198,4.524664125245198,0.0397006943248981,0.0397006943248981,0.0397006943248981,0.0397006943248981,0.0397006943248981,0.2687698592827961,0.2687698592827961,0.2687698592827961,0.2687698592827961,0.2687698592827961,7.233333333333333,6.95,5.05,6.95,9.3,15.00196377918394,15.00196377918394,15.00196377918394,15.00196377918394,15.00196377918394
Wood,SO2,2018,4.591666666666667,4.0,2.0,4.0,6.0,0.0397006943248981,0.0397006943248981,0.0397006943248981,0.0397006943248981,0.0397006943248981,0.2687698592827961,0.2687698592827961,0.2687698592827961,0.2687698592827961,0.2687698592827961,7.983177516158818,7.983177516158818,7.983177516158818,7.983177516158818,7.983177516158818,15.00196377918394,15.00196377918394,15.00196377918394,15.00196377918394,15.00196377918394
Wood,SO2,2019,4.509803921568627,4.0,2.0,4.0,6.0,0.0397006943248981,0.0397006943248981,0.0397006943248981,0.0397006943248981,0.0397006943248981,0.2687698592827961,0.2687698592827961,0.2687698592827961,0.2687698592827961,0.2687698592827961,7.983177516158817,7.983177516158818,7.983177516158818,7.983177516158818,7.983177516158818,15.00196377918394,15.00196377918394,15.00196377918394,15.00196377918394,15.00196377918394
Wood,SO2,2020,4.365384615384615,3.0,2.0,3.0,6.0,0.0397006943248981,0.0397006943248981,0.0397006943248981,0.0397006943248981,0.0397006943248981,0.2687698592827961,0.2687698592827961,0.2687698592827961,0.2687698592827961,0.2687698592827961,7.983177516158818,7.983177516158818,7.983177516158818,7.983177516158818,7.983177516158818,15.00196377918394,15.00196377918394,15.00196377918394,15.00196377918394,15.00196377918394
Wood,SO2,2021,4.314447592067989,3.0,2.0,3.0,6.0,0.0397006943248981,0.0397006943248981,0.0397006943248981,0.0397006943248981,0.0397006943248981,0.2687698592827961,0.2687698592827961,0.2687698592827961,0.2687698592827961,0.2687698592827961,7.983177516158818,7.983177516158818,7.983177516158818,7.983177516158818,7.983177516158818,15.00196377918394,15.00196377918394,15.00196377918394,15.00196377918394,15.00196377918394
Wood,SO2,2022,4.982758620689655,3.0,2.0,3.0,7.0,0.0397006943248981,0.0397006943248981,0.0397006943248981,0.0397006943248981,0.0397006943248981,0.2687698592827961,0.2687698592827961,0.2687698592827961,0.2687698592827961,0.2687698592827961,7.983177516158819,7.983177516158818,7.983177516158818,7.983177516158818,7.983177516158818,15.00196377918394,15.00196377918394,15.00196377918394,15.00196377918394,15.00196377918394
Wood,SO2,2023,5.117142857142857,3.0,2.0,3.0,6.0,0.0397006943248981,0.0397006943248981,0.0397006943248981,0.0397006943248981,0.0397006943248981,0.2687698592827961,0.2687698592827961,0.2687698592827961,0.2687698592827961,0.2687698592827961,7.983177516158818,7.983177516158818,7.983177516158818,7.983177516158818,7.983177516158818,15.001963779183939,15.00196377918394,15.00196377918394,15.00196377918394,15.00196377918394
Wood,SO2,2024,3.6436781609195403,2.0,1.0,2.0,5.0,0.0397006943248981,0.0397006943248981,0.0397006943248981,0.0397006943248981,0.0397006943248981,0.2687698592827961,0.2687698592827961,0.2687698592827961,0.2687698592827961,0.2687698592827961,7.983177516158817,7.983177516158818,7.983177516158818,7.983177516158818,7.983177516158818,15.00196377918394,15.00196377918394,15.00196377918394,15.00196377918394,15.00196377918394
