Days with AQI,Good Days,Moderate Days,Unhealthy for Sensitive Groups Days,Unhealthy Days,Very Unhealthy Days,Hazardous Days,Max AQI,90th Percentile AQI,Median AQI,Days CO,Days NO2,Days Ozone,Days PM2.5,Days PM10,State_County_Year
271,221,50,0,0,0,0,80,55,40,0,0,198,73,0,AlabamaBaldwin2019
107,75,32,0,0,0,0,71,56,41,0,0,0,107,0,AlabamaClay2019
263,238,25,0,0,0,0,65,50,38,0,0,219,44,0,AlabamaColbert2019
361,303,58,0,0,0,0,90,54,39,0,0,306,55,0,AlabamaDeKalb2019
228,208,20,0,0,0,0,100,50,39,0,0,228,0,0,AlabamaElmore2019
279,201,78,0,0,0,0,90,58,44,0,0,201,78,0,AlabamaEtowah2019
280,230,50,0,0,0,0,77,55,38,0,0,181,99,0,AlabamaHouston2019
365,85,267,13,0,0,0,150,80,58,0,0,75,289,1,AlabamaJefferson2019
112,98,14,0,0,0,0,58,51,32,0,0,0,112,0,AlabamaLawrence2019
361,189,172,0,0,0,0,93,62,49,0,0,99,255,7,AlabamaMadison2019
352,167,185,0,0,0,0,82,64,52,0,0,69,283,0,AlabamaMobile2019
365,84,280,1,0,0,0,122,71,57,0,0,18,346,1,AlabamaMontgomery2019
365,247,118,0,0,0,0,93,58,45,0,0,145,220,0,AlabamaMorgan2019
363,195,168,0,0,0,0,84,63,48,0,0,64,299,0,AlabamaRussell2019
244,202,39,3,0,0,0,119,61,42,0,0,244,0,0,AlabamaShelby2019
354,287,67,0,0,0,0,67,54,38,0,0,115,239,0,AlabamaSumter2019
264,217,47,0,0,0,0,87,54,39,0,0,173,91,0,AlabamaTuscaloosa2019
121,119,2,0,0,0,0,55,29,14,0,0,0,121,0,AlaskaAleutians East 2019
365,254,102,5,4,0,0,163,67,32,5,0,0,285,75,AlaskaAnchorage 2019
317,302,13,1,1,0,0,185,34,13,0,0,0,212,105,AlaskaBethel 2019
360,355,5,0,0,0,0,82,44,36,0,0,348,12,0,AlaskaDenali 2019
365,205,121,18,16,1,4,503,103,44,0,6,98,258,3,AlaskaFairbanks North Star 2019
362,280,79,3,0,0,0,145,60,27,0,0,0,340,22,AlaskaJuneau 2019
118,111,6,1,0,0,0,140,28,11,0,0,0,118,0,AlaskaKenai Peninsula 2019
361,262,96,3,0,0,0,127,66,25,0,0,0,313,48,AlaskaMatanuska-Susitna 2019
110,108,2,0,0,0,0,69,15,6,0,0,0,110,0,AlaskaNorth Slope 2019
359,357,2,0,0,0,0,64,21,11,0,0,0,62,297,ArizonaApache2019
365,253,112,0,0,0,0,97,64,46,0,0,305,45,15,ArizonaCochise2019
365,280,85,0,0,0,0,80,61,45,0,0,349,16,0,ArizonaCoconino2019
365,210,139,16,0,0,0,146,87,48,0,0,349,1,15,ArizonaGila2019
364,303,61,0,0,0,0,77,58,44,0,0,357,6,1,ArizonaLa Paz2019
365,50,277,38,0,0,0,147,101,67,0,2,204,92,67,ArizonaMaricopa2019
365,358,7,0,0,0,0,69,29,14,0,0,0,52,313,ArizonaMohave2019
365,294,70,1,0,0,0,112,58,44,0,0,357,1,7,ArizonaNavajo2019
365,207,156,2,0,0,0,103,71,49,0,0,237,51,77,ArizonaPima2019
365,104,228,21,2,3,7,929,100,63,0,0,148,66,151,ArizonaPinal2019
362,250,110,2,0,0,0,120,67,39,0,0,0,323,39,ArizonaSanta Cruz2019
357,298,59,0,0,0,0,87,54,43,0,0,355,2,0,ArizonaYavapai2019
365,226,136,3,0,0,0,129,67,47,0,0,214,120,31,ArizonaYuma2019
118,77,41,0,0,0,0,80,58,41,0,0,0,118,0,ArkansasArkansas2019
120,72,48,0,0,0,0,71,58,43,0,0,0,120,0,ArkansasAshley2019
146,79,67,0,0,0,0,85,61,47,0,0,0,146,0,ArkansasBenton2019
355,347,8,0,0,0,0,67,46,32,0,0,355,0,0,ArkansasClark2019
49,35,14,0,0,0,0,65,58,41,0,0,0,49,0,ArkansasCraighead2019
365,212,152,1,0,0,0,101,60,47,0,0,107,258,0,ArkansasCrittenden2019
121,61,60,0,0,0,0,77,60,50,0,0,0,121,0,ArkansasGarland2019
117,76,41,0,0,0,0,77,59,45,0,0,0,117,0,ArkansasJackson2019
365,344,21,0,0,0,0,90,48,36,0,0,342,23,0,ArkansasNewton2019
361,291,69,1,0,0,0,119,58,40,0,0,287,74,0,ArkansasPolk2019
365,145,220,0,0,0,0,81,64,53,0,2,88,275,0,ArkansasPulaski2019
241,135,106,0,0,0,0,99,59,46,0,0,0,241,0,ArkansasUnion2019
365,193,172,0,0,0,0,97,61,48,0,0,118,247,0,ArkansasWashington2019
365,183,174,8,0,0,0,150,67,50,0,11,94,260,0,CaliforniaAlameda2019
355,308,45,2,0,0,0,115,51,39,0,0,355,0,0,CaliforniaAmador2019
365,171,189,3,2,0,0,180,71,51,0,0,121,243,1,CaliforniaButte2019
360,288,71,1,0,0,0,108,60,43,0,0,297,62,1,CaliforniaCalaveras2019
365,260,105,0,0,0,0,85,61,41,0,0,152,173,40,CaliforniaColusa2019
365,238,123,4,0,0,0,129,64,43,0,3,171,190,1,CaliforniaContra Costa2019
248,210,38,0,0,0,0,74,53,26,0,0,0,248,0,CaliforniaDel Norte2019
365,273,86,6,0,0,0,122,74,43,0,0,353,3,9,CaliforniaEl Dorado2019
365,113,186,64,2,0,0,187,115,63,0,1,229,118,17,CaliforniaFresno2019
362,274,88,0,0,0,0,86,58,42,0,0,232,119,11,CaliforniaGlenn2019
363,340,23,0,0,0,0,69,44,28,2,1,253,70,37,CaliforniaHumboldt2019
365,94,250,19,2,0,0,185,93,61,0,0,185,128,52,CaliforniaImperial2019
365,226,127,6,2,1,3,653,84,47,0,0,313,23,29,CaliforniaInyo2019
365,91,179,87,6,1,1,553,122,69,0,1,228,108,28,CaliforniaKern2019
365,123,201,37,2,0,2,508,105,58,0,0,166,130,69,CaliforniaKings2019
360,360,0,0,0,0,0,50,42,31,0,0,351,8,1,CaliforniaLake2019
365,34,245,57,28,1,0,201,136,72,0,24,166,170,5,CaliforniaLos Angeles2019
365,167,185,13,0,0,0,140,84,52,0,0,225,103,37,CaliforniaMadera2019
363,291,71,1,0,0,0,133,55,37,0,10,151,202,0,CaliforniaMarin2019
365,192,159,9,5,0,0,185,84,50,0,0,247,118,0,CaliforniaMariposa2019
361,290,71,0,0,0,0,80,54,36,0,0,155,199,7,CaliforniaMendocino2019
365,176,182,7,0,0,0,119,80,51,0,0,202,161,2,CaliforniaMerced2019
365,242,108,6,0,0,9,4227,83,34,0,0,0,322,43,CaliforniaMono2019
365,303,61,1,0,0,0,144,54,39,2,0,228,127,8,CaliforniaMonterey2019
363,295,66,2,0,0,0,119,54,37,2,0,211,150,0,CaliforniaNapa2019
361,251,105,5,0,0,0,122,71,45,0,0,272,89,0,CaliforniaNevada2019
365,157,192,15,1,0,0,172,87,53,0,7,188,164,6,CaliforniaOrange2019
365,198,158,9,0,0,0,136,77,49,0,0,218,145,2,CaliforniaPlacer2019
341,220,116,5,0,0,0,138,71,34,0,0,0,341,0,CaliforniaPlumas2019
365,53,192,91,29,0,0,185,147,77,0,0,219,102,44,CaliforniaRiverside2019
365,175,180,10,0,0,0,140,84,52,0,1,188,169,7,CaliforniaSacramento2019
365,318,47,0,0,0,0,90,52,39,0,0,308,51,6,CaliforniaSan Benito2019
365,29,203,71,54,8,0,213,172,81,0,4,214,140,7,CaliforniaSan Bernardino2019
365,38,302,23,2,0,0,169,93,66,0,1,133,228,3,CaliforniaSan Diego2019
365,251,113,1,0,0,0,108,58,39,0,15,119,231,0,CaliforniaSan Francisco2019
365,202,151,11,1,0,0,190,82,47,0,1,201,149,14,CaliforniaSan Joaquin2019
365,196,166,3,0,0,0,108,74,49,0,0,239,109,17,CaliforniaSan Luis Obispo2019
365,276,87,2,0,0,0,122,57,39,0,14,135,216,0,CaliforniaSan Mateo2019
365,242,122,1,0,0,0,105,63,45,0,0,228,128,9,CaliforniaSanta Barbara2019
365,205,156,4,0,0,0,136,68,48,0,1,134,229,1,CaliforniaSanta Clara2019
365,291,74,0,0,0,0,74,54,39,0,0,166,199,0,CaliforniaSanta Cruz2019
364,306,58,0,0,0,0,100,54,42,0,0,349,13,2,CaliforniaShasta2019
365,302,59,2,2,0,0,164,54,38,0,0,239,126,0,CaliforniaSiskiyou2019
365,226,138,1,0,0,0,119,64,45,0,1,129,235,0,CaliforniaSolano2019
365,318,47,0,0,0,0,87,52,36,0,1,202,155,7,CaliforniaSonoma2019
365,168,174,22,1,0,0,177,92,52,0,0,208,147,10,CaliforniaStanislaus2019
365,200,163,2,0,0,0,110,71,48,0,0,200,159,6,CaliforniaSutter2019
365,263,102,0,0,0,0,93,64,43,0,0,299,66,0,CaliforniaTehama2019
269,225,42,2,0,0,0,113,56,23,0,0,0,269,0,CaliforniaTrinity2019
365,98,186,78,2,1,0,280,122,67,0,0,210,136,19,CaliforniaTulare2019
358,273,83,2,0,0,0,108,67,43,0,0,358,0,0,CaliforniaTuolumne2019
365,175,181,9,0,0,0,126,77,51,0,3,226,127,9,CaliforniaVentura2019
365,252,112,1,0,0,0,136,63,43,0,1,249,114,1,CaliforniaYolo2019
365,183,181,1,0,0,0,132,67,50,0,30,129,152,54,ColoradoAdams2019
107,107,0,0,0,0,0,28,23,12,0,0,0,107,0,ColoradoAlamosa2019
365,222,137,6,0,0,0,140,80,47,0,0,348,17,0,ColoradoArapahoe2019
363,331,30,2,0,0,0,124,50,31,0,3,186,0,174,ColoradoArchuleta2019
365,192,168,5,0,0,0,119,74,50,0,0,234,131,0,ColoradoBoulder2019
144,80,63,1,0,0,0,108,77,50,0,0,144,0,0,ColoradoChaffee2019
294,183,109,2,0,0,0,126,74,47,0,0,294,0,0,ColoradoClear Creek2019
365,338,27,0,0,0,0,80,50,41,0,0,340,25,0,ColoradoDelta2019
365,139,223,2,1,0,0,153,77,54,0,80,133,152,0,ColoradoDenver2019
361,220,130,10,1,0,0,154,79,47,0,0,289,72,0,ColoradoDouglas2019
365,249,116,0,0,0,0,100,67,46,0,0,320,45,0,ColoradoEl Paso2019
32,32,0,0,0,0,0,29,23,13,0,0,0,0,32,ColoradoFremont2019
365,248,115,2,0,0,0,105,74,48,0,0,364,1,0,ColoradoGarfield2019
143,117,25,1,0,0,0,115,58,45,0,0,143,0,0,ColoradoGilpin2019
118,95,23,0,0,0,0,80,58,45,0,0,118,0,0,ColoradoGrand2019
362,264,96,2,0,0,0,101,67,46,0,0,362,0,0,ColoradoGunnison2019
102,102,0,0,0,0,0,34,17,8,0,0,0,102,0,ColoradoJackson2019
365,238,111,16,0,0,0,129,87,46,0,2,363,0,0,ColoradoJefferson2019
365,267,98,0,0,0,0,87,61,44,0,3,317,45,0,ColoradoLa Plata2019
365,183,176,6,0,0,0,129,77,50,0,0,307,58,0,ColoradoLarimer2019
364,238,125,1,0,0,0,101,67,47,2,0,283,78,1,ColoradoMesa2019
365,279,86,0,0,0,0,97,61,46,0,0,365,0,0,ColoradoMontezuma2019
312,160,150,2,0,0,0,101,80,50,0,0,312,0,0,ColoradoPark2019
121,121,0,0,0,0,0,46,19,11,0,0,0,33,88,ColoradoPitkin2019
346,343,3,0,0,0,0,76,28,14,0,0,0,0,346,ColoradoProwers2019
126,125,1,0,0,0,0,68,40,26,0,0,0,102,24,ColoradoPueblo2019
365,252,113,0,0,0,0,100,55,47,0,0,194,171,0,ColoradoRio Blanco2019
356,353,2,1,0,0,0,137,27,13,0,0,0,0,356,ColoradoRoutt2019
116,116,0,0,0,0,0,32,19,9,0,0,0,116,0,ColoradoSan Juan2019
241,189,52,0,0,0,0,87,58,45,0,0,185,0,56,ColoradoSan Miguel2019
365,152,205,8,0,0,0,129,77,53,0,0,228,137,0,ColoradoWeld2019
365,221,123,18,3,0,0,161,77,46,0,2,159,204,0,ConnecticutFairfield2019
365,252,108,5,0,0,0,122,59,43,0,12,163,190,0,ConnecticutHartford2019
365,327,38,0,0,0,0,97,51,37,0,0,311,54,0,ConnecticutLitchfield2019
205,175,23,6,1,0,0,154,61,41,0,0,205,0,0,ConnecticutMiddlesex2019
365,228,123,12,2,0,0,159,70,44,0,3,181,180,1,ConnecticutNew Haven2019
364,295,62,7,0,0,0,129,56,40,0,0,161,203,0,ConnecticutNew London2019
212,187,20,5,0,0,0,126,54,42,0,0,212,0,0,ConnecticutTolland2019
360,344,15,1,0,0,0,105,46,36,0,0,360,0,0,ConnecticutWindham2019
32,5,19,8,0,0,0,144,117,72,0,0,0,0,32,Country Of MexicoBAJA CALIFORNIA NORTE2019
358,288,65,5,0,0,0,126,61,43,0,0,358,0,0,Country Of MexicoSONORA2019
365,248,117,0,0,0,0,85,61,44,0,0,198,167,0,DelawareKent2019
365,207,155,3,0,0,0,136,71,47,0,3,178,184,0,DelawareNew Castle2019
365,251,114,0,0,0,0,93,61,44,0,0,205,160,0,DelawareSussex2019
365,195,165,4,1,0,0,159,73,49,0,16,160,189,0,District Of ColumbiaDistrict of Columbia2019
364,289,75,0,0,0,0,80,55,39,0,0,158,206,0,FloridaAlachua2019
361,341,20,0,0,0,0,77,48,33,0,0,361,0,0,FloridaBaker2019
357,240,117,0,0,0,0,87,59,44,0,0,108,249,0,FloridaBay2019
351,308,43,0,0,0,0,90,51,39,0,0,223,128,0,FloridaBrevard2019
363,213,150,0,0,0,0,90,58,47,2,1,55,305,0,FloridaBroward2019
357,257,100,0,0,0,0,82,55,40,0,0,0,357,0,FloridaCitrus2019
362,291,71,0,0,0,0,90,54,40,0,0,111,251,0,FloridaCollier2019
363,229,134,0,0,0,0,90,61,46,0,0,102,261,0,FloridaColumbia2019
361,164,196,1,0,0,0,114,67,51,0,0,72,289,0,FloridaDuval2019
365,248,116,1,0,0,0,101,61,44,0,0,193,172,0,FloridaEscambia2019
270,265,5,0,0,0,0,74,45,34,0,0,270,0,0,FloridaFlagler2019
316,214,102,0,0,0,0,81,58,44,0,0,0,316,0,FloridaHamilton2019
233,224,9,0,0,0,0,84,46,36,0,0,233,0,0,FloridaHighlands2019
365,202,158,5,0,0,0,126,67,49,0,0,104,261,0,FloridaHillsborough2019
362,207,155,0,0,0,0,84,61,47,0,0,106,256,0,FloridaHolmes2019
335,324,11,0,0,0,0,90,47,36,0,0,335,0,0,FloridaIndian River2019
330,301,28,1,0,0,0,101,50,35,0,0,330,0,0,FloridaLake2019
365,289,75,1,0,0,0,108,55,40,0,0,155,206,4,FloridaLee2019
360,215,144,1,0,0,0,119,63,46,0,0,80,280,0,FloridaLeon2019
351,339,12,0,0,0,0,74,45,33,0,0,351,0,0,FloridaLiberty2019
365,333,30,2,0,0,0,108,49,36,0,0,365,0,0,FloridaManatee2019
365,244,121,0,0,0,0,88,58,44,0,0,111,254,0,FloridaMarion2019
352,288,64,0,0,0,0,85,54,41,0,0,115,237,0,FloridaMartin2019
363,245,116,2,0,0,0,146,57,44,1,1,59,301,1,FloridaMiami-Dade2019
270,203,67,0,0,0,0,74,55,41,0,0,0,270,0,FloridaNassau2019
363,335,28,0,0,0,0,84,48,36,0,0,342,0,21,FloridaOkaloosa2019
360,293,67,0,0,0,0,93,55,39,1,1,210,148,0,FloridaOrange2019
364,338,22,4,0,0,0,122,48,34,0,0,364,0,0,FloridaOsceola2019
357,273,84,0,0,0,0,94,56,40,0,0,108,249,0,FloridaPalm Beach2019
365,336,29,0,0,0,0,97,49,36,0,0,365,0,0,FloridaPasco2019
365,223,142,0,0,0,0,100,61,47,0,0,99,265,1,FloridaPinellas2019
365,268,97,0,0,0,0,100,58,42,0,0,138,227,0,FloridaPolk2019
351,346,5,0,0,0,0,54,29,17,0,0,0,0,351,FloridaPutnam2019
364,229,135,0,0,0,0,93,60,44,0,0,119,245,0,FloridaSanta Rosa2019
365,268,97,0,0,0,0,100,57,43,0,0,114,251,0,FloridaSarasota2019
365,296,68,1,0,0,0,110,56,39,0,0,192,172,1,FloridaSeminole2019
352,342,10,0,0,0,0,77,46,34,0,0,352,0,0,FloridaSt. Lucie2019
350,274,76,0,0,0,0,80,55,41,0,0,149,201,0,FloridaVolusia2019
361,275,86,0,0,0,0,84,58,39,0,0,154,207,0,FloridaWakulla2019
362,216,143,3,0,0,0,137,64,46,0,0,92,270,0,GeorgiaBibb2019
103,97,6,0,0,0,0,65,48,26,0,0,0,103,0,GeorgiaCharlton2019
335,204,131,0,0,0,0,87,60,46,0,0,70,265,0,GeorgiaChatham2019
244,231,13,0,0,0,0,71,48,40,0,0,244,0,0,GeorgiaChattooga2019
365,171,194,0,0,0,0,87,65,52,0,0,69,296,0,GeorgiaClarke2019
119,66,53,0,0,0,0,73,59,48,0,0,0,119,0,GeorgiaClayton2019
282,191,90,1,0,0,0,119,61,44,0,0,191,91,0,GeorgiaCobb2019
121,94,27,0,0,0,0,70,58,34,0,0,0,121,0,GeorgiaCoffee2019
245,229,16,0,0,0,0,74,49,39,0,0,245,0,0,GeorgiaColumbia2019
244,225,18,1,0,0,0,126,48,37,0,0,244,0,0,GeorgiaDawson2019
365,173,188,3,1,0,0,159,67,52,0,20,94,251,0,GeorgiaDeKalb2019
356,163,191,2,0,0,0,107,68,52,0,0,0,356,0,GeorgiaDougherty2019
245,212,28,5,0,0,0,126,58,40,0,0,245,0,0,GeorgiaDouglas2019
363,140,223,0,0,0,0,90,66,54,0,0,0,363,0,GeorgiaFloyd2019
365,122,236,6,1,0,0,172,74,55,0,5,77,283,0,GeorgiaFulton2019
279,235,44,0,0,0,0,80,54,37,0,0,203,76,0,GeorgiaGlynn2019
355,154,199,2,0,0,0,112,71,52,0,0,91,264,0,GeorgiaGwinnett2019
340,181,159,0,0,0,0,90,62,49,0,0,0,340,0,GeorgiaHall2019
363,234,122,7,0,0,0,150,64,43,0,0,119,244,0,GeorgiaHenry2019
354,173,179,1,1,0,0,153,65,51,0,0,0,354,0,GeorgiaHouston2019
310,177,133,0,0,0,0,71,60,47,0,0,0,310,0,GeorgiaLowndes2019
269,225,44,0,0,0,0,93,54,42,0,0,230,39,0,GeorgiaMurray2019
364,209,155,0,0,0,0,90,62,47,0,0,91,273,0,GeorgiaMuscogee2019
353,307,43,3,0,0,0,147,58,37,0,0,353,0,0,GeorgiaPike2019
364,159,203,2,0,0,0,101,67,52,0,0,67,279,18,GeorgiaRichmond2019
241,186,50,5,0,0,0,129,67,43,0,0,241,0,0,GeorgiaRockdale2019
238,211,27,0,0,0,0,97,54,39,0,0,238,0,0,GeorgiaSumter2019
356,185,171,0,0,0,0,84,62,49,0,0,0,356,0,GeorgiaWalker2019
211,138,72,1,0,0,0,116,59,39,0,0,0,211,0,GeorgiaWashington2019
365,357,8,0,0,0,0,81,34,21,0,0,0,365,0,HawaiiHawaii2019
365,360,5,0,0,0,0,62,41,28,0,5,266,93,1,HawaiiHonolulu2019
363,361,2,0,0,0,0,70,31,16,0,104,0,259,0,HawaiiKauai2019
362,339,19,3,1,0,0,171,39,20,0,0,0,362,0,HawaiiMaui2019
365,266,99,0,0,0,0,100,58,41,0,3,183,179,0,IdahoAda2019
365,330,35,0,0,0,0,64,50,24,0,0,0,265,100,IdahoBannock2019
364,188,165,9,2,0,0,155,77,49,0,0,0,364,0,IdahoBenewah2019
314,307,7,0,0,0,0,57,33,20,0,0,0,314,0,IdahoBlaine2019
365,223,139,2,1,0,0,170,65,44,0,0,0,365,0,IdahoBoise2019
365,291,73,1,0,0,0,115,60,27,0,0,0,298,67,IdahoBonner2019
357,287,70,0,0,0,0,67,53,38,0,0,0,357,0,IdahoBonneville2019
361,347,14,0,0,0,0,71,48,40,0,0,359,2,0,IdahoButte2019
365,285,80,0,0,0,0,95,58,32,0,0,0,319,46,IdahoCanyon2019
96,95,1,0,0,0,0,51,23,8,0,0,0,96,0,IdahoCuster2019
364,315,46,3,0,0,0,112,54,23,0,0,0,364,0,IdahoFranklin2019
365,236,129,0,0,0,0,89,60,44,0,0,135,230,0,IdahoIdaho2019
353,345,8,0,0,0,0,55,37,20,0,0,0,353,0,IdahoJerome2019
355,281,74,0,0,0,0,88,57,31,0,0,0,355,0,IdahoKootenai2019
350,343,7,0,0,0,0,55,35,14,0,0,0,350,0,IdahoLatah2019
360,237,119,4,0,0,0,133,72,31,0,0,0,360,0,IdahoLemhi2019
360,272,88,0,0,0,0,90,61,32,0,0,0,360,0,IdahoNez Perce2019
365,225,137,3,0,0,0,117,75,38,0,0,0,359,6,IdahoShoshone2019
365,344,21,0,0,0,0,74,43,26,0,0,0,365,0,IdahoTwin Falls2019
357,261,96,0,0,0,0,92,66,29,0,0,0,357,0,IdahoValley2019
241,208,33,0,0,0,0,93,54,41,0,0,241,0,0,IllinoisAdams2019
365,225,140,0,0,0,0,100,64,45,0,0,179,186,0,IllinoisChampaign2019
327,314,13,0,0,0,0,74,47,34,0,0,327,0,0,IllinoisClark2019
365,80,276,9,0,0,0,133,79,58,0,8,58,295,4,IllinoisCook2019
352,196,153,2,1,0,0,174,65,48,0,0,130,222,0,IllinoisDuPage2019
245,224,21,0,0,0,0,84,50,40,0,0,245,0,0,IllinoisEffingham2019
344,204,139,1,0,0,0,105,61,47,0,0,137,207,0,IllinoisHamilton2019
347,221,124,2,0,0,0,119,62,46,0,0,170,177,0,IllinoisJersey2019
363,351,12,0,0,0,0,74,47,34,0,0,363,0,0,IllinoisJo Daviess2019
284,210,70,4,0,0,0,112,66,42,0,0,204,80,0,IllinoisKane2019
245,210,33,2,0,0,0,115,58,40,0,0,245,0,0,IllinoisLake2019
364,176,188,0,0,0,0,93,64,51,0,0,100,264,0,IllinoisMacon2019
357,340,17,0,0,0,0,87,47,33,0,112,245,0,0,IllinoisMacoupin2019
363,140,220,1,2,0,0,156,73,55,0,0,144,217,2,IllinoisMadison2019
340,161,177,2,0,0,0,126,65,52,0,0,88,252,0,IllinoisMcHenry2019
364,187,177,0,0,0,0,100,65,49,0,0,116,248,0,IllinoisMcLean2019
364,236,126,2,0,0,0,101,62,44,0,0,153,211,0,IllinoisPeoria2019
324,234,90,0,0,0,0,97,58,43,0,0,184,140,0,IllinoisRandolph2019
361,221,138,2,0,0,0,115,63,45,0,0,134,227,0,IllinoisRock Island2019
365,217,147,1,0,0,0,108,64,47,1,57,144,163,0,IllinoisSaint Clair2019
360,222,138,0,0,0,0,87,61,45,0,0,122,238,0,IllinoisSangamon2019
365,179,186,0,0,0,0,84,66,51,0,0,75,290,0,IllinoisWill2019
341,182,158,1,0,0,0,102,66,49,0,0,108,233,0,IllinoisWinnebago2019
365,200,164,1,0,0,0,101,64,49,0,0,163,202,0,IndianaAllen2019
364,256,108,0,0,0,0,77,58,44,0,0,203,161,0,IndianaBartholomew2019
351,320,31,0,0,0,0,90,50,35,0,0,351,0,0,IndianaBoone2019
365,349,16,0,0,0,0,74,47,35,0,0,365,0,0,IndianaBrown2019
358,333,25,0,0,0,0,84,49,35,0,0,358,0,0,IndianaCarroll2019
365,225,139,1,0,0,0,101,62,45,0,0,194,171,0,IndianaClark2019
352,299,53,0,0,0,0,71,56,36,0,0,272,80,0,IndianaDelaware2019
120,76,44,0,0,0,0,73,59,43,0,0,0,119,1,IndianaDubois2019
365,251,114,0,0,0,0,83,61,41,0,0,166,199,0,IndianaElkhart2019
361,336,25,0,0,0,0,87,48,35,0,0,361,0,0,IndianaFloyd2019
355,291,64,0,0,0,0,87,55,40,0,0,292,63,0,IndianaGreene2019
365,214,149,2,0,0,0,119,64,47,0,0,145,220,0,IndianaHamilton2019
361,348,13,0,0,0,0,93,47,34,0,0,361,0,0,IndianaHendricks2019
119,81,38,0,0,0,0,67,58,37,0,0,0,119,0,IndianaHenry2019
361,236,124,1,0,0,0,108,59,44,0,0,192,169,0,IndianaHoward2019
355,345,10,0,0,0,0,84,44,31,0,0,355,0,0,IndianaHuntington2019
360,340,20,0,0,0,0,80,47,35,0,0,360,0,0,IndianaJackson2019
359,328,31,0,0,0,0,87,50,36,0,0,359,0,0,IndianaKnox2019
364,296,64,4,0,0,0,126,64,37,0,0,317,47,0,IndianaLaPorte2019
365,151,213,1,0,0,0,101,72,52,0,2,86,274,3,IndianaLake2019
365,216,148,1,0,0,0,101,61,47,0,0,148,217,0,IndianaMadison2019
365,78,283,4,0,0,0,112,74,58,0,0,62,303,0,IndianaMarion2019
346,220,126,0,0,0,0,72,58,43,0,0,0,346,0,IndianaMonroe2019
364,344,20,0,0,0,0,87,48,35,0,0,364,0,0,IndianaMorgan2019
358,322,36,0,0,0,0,80,51,37,0,0,358,0,0,IndianaPerry2019
365,236,125,4,0,0,0,115,64,44,0,0,164,188,13,IndianaPorter2019
364,341,23,0,0,0,0,80,49,35,0,0,364,0,0,IndianaPosey2019
365,338,27,0,0,0,0,84,49,36,0,0,365,0,0,IndianaShelby2019
117,81,36,0,0,0,0,76,58,41,0,0,0,117,0,IndianaSpencer2019
365,217,148,0,0,0,0,100,66,46,0,0,178,187,0,IndianaSt. Joseph2019
116,73,43,0,0,0,0,81,58,41,0,0,0,116,0,IndianaSullivan2019
351,210,141,0,0,0,0,78,61,43,0,0,0,351,0,IndianaTippecanoe2019
365,229,136,0,0,0,0,90,59,46,0,0,155,210,0,IndianaVanderburgh2019
365,161,203,1,0,0,0,102,67,52,0,0,110,255,0,IndianaVigo2019
351,319,32,0,0,0,0,97,50,37,0,0,351,0,0,IndianaWabash2019
365,337,28,0,0,0,0,93,50,36,0,0,365,0,0,IndianaWarrick2019
352,213,139,0,0,0,0,91,60,43,0,0,0,352,0,IndianaWhitley2019
363,238,125,0,0,0,0,85,63,41,0,0,0,363,0,IowaBlack Hawk2019
243,228,15,0,0,0,0,90,46,37,0,0,243,0,0,IowaBremer2019
118,118,0,0,0,0,0,38,27,15,0,0,0,0,118,IowaCerro Gordo2019
364,192,172,0,0,0,0,91,65,49,0,0,94,270,0,IowaClinton2019
241,222,19,0,0,0,0,97,50,38,0,0,241,0,0,IowaHarrison2019
364,210,154,0,0,0,0,92,64,46,0,0,0,364,0,IowaJohnson2019
120,80,40,0,0,0,0,73,62,39,0,0,0,120,0,IowaLee2019
365,223,142,0,0,0,0,86,64,43,0,0,116,249,0,IowaLinn2019
364,267,97,0,0,0,0,77,58,41,0,0,156,208,0,IowaMontgomery2019
365,238,127,0,0,0,0,93,61,42,0,0,0,365,0,IowaMuscatine2019
364,246,118,0,0,0,0,93,60,44,0,0,102,262,0,IowaPalo Alto2019
365,251,114,0,0,0,0,100,60,42,0,2,174,189,0,IowaPolk2019
130,93,37,0,0,0,0,73,58,38,0,0,0,117,13,IowaPottawattamie2019
365,168,195,2,0,0,0,112,69,52,0,0,82,216,67,IowaScott2019
361,266,95,0,0,0,0,97,58,42,0,1,130,230,0,IowaVan Buren2019
118,91,27,0,0,0,0,83,58,38,0,0,0,118,0,IowaWoodbury2019
118,105,12,1,0,0,0,113,51,27,0,0,0,118,0,KansasChase2019
304,301,3,0,0,0,0,54,31,15,0,0,0,0,304,KansasFord2019
362,308,54,0,0,0,0,77,53,38,0,0,246,116,0,KansasJohnson2019
362,347,15,0,0,0,0,97,45,33,0,0,362,0,0,KansasLeavenworth2019
365,219,145,1,0,0,0,119,62,45,0,0,122,242,1,KansasNeosho2019
365,282,83,0,0,0,0,97,58,41,0,8,253,100,4,KansasSedgwick2019
365,216,148,0,1,0,0,161,63,45,0,0,128,237,0,KansasShawnee2019
358,354,4,0,0,0,0,58,31,12,0,0,0,0,358,KansasSherman2019
365,287,78,0,0,0,0,97,57,41,0,3,244,110,8,KansasSumner2019
364,310,54,0,0,0,0,99,53,37,0,0,252,112,0,KansasTrego2019
365,239,125,1,0,0,0,137,63,43,0,24,155,185,1,KansasWyandotte2019
263,238,25,0,0,0,0,77,50,40,0,0,222,41,0,KentuckyBell2019
239,222,17,0,0,0,0,80,49,39,0,0,239,0,0,KentuckyBoone2019
365,259,106,0,0,0,0,74,58,44,0,4,124,236,1,KentuckyBoyd2019
243,214,29,0,0,0,0,93,51,41,0,0,243,0,0,KentuckyBullitt2019
362,241,120,1,0,0,0,108,60,44,0,21,127,214,0,KentuckyCampbell2019
285,266,19,0,0,0,0,67,49,37,0,0,215,69,1,KentuckyCarter2019
278,228,50,0,0,0,0,80,54,40,0,0,198,80,0,KentuckyChristian2019
364,220,143,1,0,0,0,101,63,46,0,0,137,227,0,KentuckyDaviess2019
365,225,140,0,0,0,0,77,60,46,0,0,134,231,0,KentuckyEdmonson2019
364,231,133,0,0,0,0,80,58,46,0,5,127,232,0,KentuckyFayette2019
242,237,5,0,0,0,0,58,45,37,0,0,242,0,0,KentuckyGreenup2019
245,208,37,0,0,0,0,84,54,42,0,0,245,0,0,KentuckyHancock2019
363,261,102,0,0,0,0,72,57,44,0,0,128,235,0,KentuckyHardin2019
59,29,30,0,0,0,0,71,65,53,0,0,0,59,0,KentuckyHenderson2019
365,124,239,2,0,0,0,136,71,54,0,1,99,265,0,KentuckyJefferson2019
245,221,24,0,0,0,0,67,50,43,0,0,245,0,0,KentuckyJessamine2019
261,237,24,0,0,0,0,77,50,41,0,0,242,0,19,KentuckyLivingston2019
361,186,175,0,0,0,0,97,63,50,0,2,101,257,1,KentuckyMcCracken2019
356,341,15,0,0,0,0,80,47,36,0,0,356,0,0,KentuckyMorgan2019
242,203,38,1,0,0,0,105,58,42,0,0,242,0,0,KentuckyOldham2019
353,238,115,0,0,0,0,87,57,44,0,0,106,247,0,KentuckyPerry2019
361,286,75,0,0,0,0,68,55,41,0,0,111,250,0,KentuckyPike2019
282,251,31,0,0,0,0,67,52,41,0,0,202,80,0,KentuckyPulaski2019
244,222,22,0,0,0,0,67,50,40,0,0,244,0,0,KentuckySimpson2019
353,328,25,0,0,0,0,87,49,37,0,0,353,0,0,KentuckyTrigg2019
348,237,111,0,0,0,0,76,58,44,0,0,98,250,0,KentuckyWarren2019
364,331,33,0,0,0,0,80,50,39,0,0,364,0,0,KentuckyWashington2019
361,319,41,1,0,0,0,101,54,33,0,7,354,0,0,LouisianaAscension2019
357,282,75,0,0,0,0,86,55,37,0,0,175,175,7,LouisianaBossier2019
356,271,85,0,0,0,0,82,59,39,0,0,251,105,0,LouisianaCaddo2019
365,131,234,0,0,0,0,90,65,53,0,1,69,295,0,LouisianaCalcasieu2019
365,190,173,2,0,0,0,108,71,50,0,3,102,260,0,LouisianaEast Baton Rouge2019
365,290,71,4,0,0,0,119,59,38,0,1,283,81,0,LouisianaIberville2019
365,269,96,0,0,0,0,84,58,42,0,2,204,159,0,LouisianaJefferson2019
365,212,153,0,0,0,0,84,61,46,0,0,116,249,0,LouisianaLafayette2019
360,173,185,2,0,0,0,126,63,51,0,0,81,279,0,LouisianaLafourche2019
365,198,167,0,0,0,0,97,63,48,0,0,103,262,0,LouisianaLivingston2019
365,292,73,0,0,0,0,90,57,36,0,52,0,307,6,LouisianaOrleans2019
363,310,53,0,0,0,0,71,52,36,0,0,300,63,0,LouisianaOuachita2019
351,322,26,3,0,0,0,112,49,33,0,0,351,0,0,LouisianaPointe Coupee2019
119,88,31,0,0,0,0,74,58,40,0,0,0,119,0,LouisianaRapides2019
365,159,205,1,0,0,0,112,64,52,0,0,82,283,0,LouisianaSt. Bernard2019
359,344,15,0,0,0,0,97,46,29,0,0,359,0,0,LouisianaSt. James2019
364,334,30,0,0,0,0,93,48,33,0,0,364,0,0,LouisianaSt. John the Baptist2019
355,330,25,0,0,0,0,80,48,34,0,0,355,0,0,LouisianaSt. Martin2019
363,266,97,0,0,0,0,84,60,41,0,0,187,176,0,LouisianaSt. Tammany2019
117,84,33,0,0,0,0,68,58,40,0,0,0,117,0,LouisianaTangipahoa2019
120,93,27,0,0,0,0,73,57,37,0,0,0,120,0,LouisianaTerrebonne2019
364,202,162,0,0,0,0,100,62,47,0,8,93,263,0,LouisianaWest Baton Rouge2019
361,327,34,0,0,0,0,76,49,33,0,0,162,198,1,MaineAndroscoggin2019
365,304,59,1,1,0,0,182,55,36,0,0,176,176,13,MaineAroostook2019
365,208,157,0,0,0,0,100,59,47,0,0,65,297,3,MaineCumberland2019
365,339,25,1,0,0,0,105,49,37,2,0,320,42,1,MaineHancock2019
361,352,9,0,0,0,0,70,44,29,0,129,211,21,0,MaineKennebec2019
213,204,9,0,0,0,0,84,47,36,0,0,213,0,0,MaineKnox2019
334,305,29,0,0,0,0,72,49,33,0,0,148,186,0,MaineOxford2019
362,336,26,0,0,0,0,72,47,33,0,0,177,182,3,MainePenobscot2019
363,360,3,0,0,0,0,71,45,34,0,0,362,1,0,MaineWashington2019
231,216,14,1,0,0,0,115,48,38,0,0,231,0,0,MaineYork2019
264,179,78,7,0,0,0,143,77,45,0,0,243,0,21,MarylandAnne Arundel2019
365,232,124,9,0,0,0,150,71,46,0,6,226,133,0,MarylandBaltimore2019
363,217,140,6,0,0,0,126,65,46,0,15,142,206,0,MarylandBaltimore (City)2019
232,214,18,0,0,0,0,71,49,39,0,0,232,0,0,MarylandCalvert2019
241,205,35,1,0,0,0,101,54,43,0,0,241,0,0,MarylandCarroll2019
361,265,93,3,0,0,0,150,61,42,0,0,203,158,0,MarylandCecil2019
221,202,19,0,0,0,0,77,50,40,0,0,221,0,0,MarylandCharles2019
365,281,81,3,0,0,0,126,58,43,0,0,280,85,0,MarylandDorchester2019
243,198,44,1,0,0,0,112,58,44,0,0,243,0,0,MarylandFrederick2019
365,311,54,0,0,0,0,71,53,39,2,0,238,125,0,MarylandGarrett2019
359,229,121,9,0,0,0,133,71,45,0,0,210,149,0,MarylandHarford2019
365,267,98,0,0,0,0,81,58,39,0,77,0,288,0,MarylandHoward2019
360,272,87,1,0,0,0,101,61,42,0,0,215,145,0,MarylandKent2019
361,284,77,0,0,0,0,88,57,41,0,0,190,171,0,MarylandMontgomery2019
365,234,125,6,0,0,0,122,64,45,0,0,247,118,0,MarylandPrince George's2019
360,279,81,0,0,0,0,93,58,42,0,0,173,187,0,MarylandWashington2019
359,346,13,0,0,0,0,93,45,36,0,0,353,6,0,MassachusettsBarnstable2019
364,266,98,0,0,0,0,87,57,41,0,0,151,213,0,MassachusettsBerkshire2019
364,279,85,0,0,0,0,97,56,43,0,0,248,116,0,MassachusettsBristol2019
352,329,19,4,0,0,0,126,48,39,0,0,341,11,0,MassachusettsDukes2019
364,288,75,1,0,0,0,122,55,41,0,2,193,169,0,MassachusettsEssex2019
364,281,83,0,0,0,0,89,56,40,0,0,189,175,0,MassachusettsFranklin2019
364,260,104,0,0,0,0,93,58,43,0,6,157,201,0,MassachusettsHampden2019
364,296,68,0,0,0,0,93,54,41,0,1,231,132,0,MassachusettsHampshire2019
364,289,75,0,0,0,0,80,54,41,0,7,168,189,0,MassachusettsMiddlesex2019
362,352,10,0,0,0,0,100,44,34,0,13,349,0,0,MassachusettsNorfolk2019
363,289,74,0,0,0,0,90,54,40,0,0,193,170,0,MassachusettsPlymouth2019
365,224,141,0,0,0,0,87,58,46,1,6,61,297,0,MassachusettsSuffolk2019
365,238,127,0,0,0,0,93,59,45,1,3,127,234,0,MassachusettsWorcester2019
276,224,48,4,0,0,0,115,62,39,0,0,231,45,0,MichiganAllegan2019
316,252,64,0,0,0,0,85,55,34,0,0,0,316,0,MichiganBay2019
247,232,15,0,0,0,0,93,46,36,0,0,247,0,0,MichiganBenzie2019
260,232,26,2,0,0,0,112,51,39,0,0,260,0,0,MichiganBerrien2019
255,229,26,0,0,0,0,90,51,39,0,0,255,0,0,MichiganCass2019
58,42,16,0,0,0,0,66,56,43,0,0,0,58,0,MichiganChippewa2019
248,243,5,0,0,0,0,67,46,35,0,0,248,0,0,MichiganClinton2019
340,225,115,0,0,0,0,75,60,42,0,0,145,195,0,MichiganGenesee2019
259,250,9,0,0,0,0,90,46,36,0,0,259,0,0,MichiganHuron2019
365,274,91,0,0,0,0,78,55,40,0,2,144,219,0,MichiganIngham2019
362,260,102,0,0,0,0,87,58,43,0,0,139,223,0,MichiganKalamazoo2019
365,261,104,0,0,0,0,90,59,40,3,0,174,184,4,MichiganKent2019
117,114,3,0,0,0,0,73,28,12,0,0,0,117,0,MichiganKeweenaw2019
358,233,125,0,0,0,0,91,61,44,0,0,122,236,0,MichiganLenawee2019
292,238,53,1,0,0,0,101,58,39,0,0,234,58,0,MichiganMacomb2019
269,243,25,1,0,0,0,101,50,36,0,0,233,36,0,MichiganManistee2019
254,244,10,0,0,0,0,64,46,35,0,0,254,0,0,MichiganMason2019
363,306,57,0,0,0,0,74,54,36,0,0,252,111,0,MichiganMissaukee2019
61,57,4,0,0,0,0,76,46,16,0,0,0,0,61,MichiganMonroe2019
262,236,25,1,0,0,0,133,50,38,0,0,262,0,0,MichiganMuskegon2019
293,233,58,2,0,0,0,122,60,39,0,0,228,65,0,MichiganOakland2019
360,300,60,0,0,0,0,100,61,37,0,78,216,63,3,MichiganOttawa2019
364,339,25,0,0,0,0,90,46,31,0,0,222,142,0,MichiganSchoolcraft2019
365,266,96,3,0,0,0,108,60,41,0,0,138,227,0,MichiganSt. Clair2019
355,345,10,0,0,0,0,77,46,33,0,0,355,0,0,MichiganTuscola2019
365,248,117,0,0,0,0,89,61,44,0,0,174,191,0,MichiganWashtenaw2019
365,81,275,9,0,0,0,142,77,58,0,4,28,325,8,MichiganWayne2019
340,322,18,0,0,0,0,74,46,34,0,0,340,0,0,MichiganWexford2019
364,274,89,1,0,0,0,122,59,39,2,5,205,152,0,MinnesotaAnoka2019
360,325,34,1,0,0,0,105,50,31,0,0,170,190,0,MinnesotaBecker2019
352,307,43,1,1,0,0,191,53,26,0,0,0,352,0,MinnesotaBeltrami2019
356,341,15,0,0,0,0,80,45,28,0,0,206,150,0,MinnesotaCarlton2019
350,321,28,1,0,0,0,125,44,18,0,0,0,350,0,MinnesotaCass2019
334,317,17,0,0,0,0,81,39,22,0,0,0,334,0,MinnesotaCook2019
359,324,34,1,0,0,0,101,50,31,0,0,162,197,0,MinnesotaCrow Wing2019
365,269,96,0,0,0,0,90,61,36,0,23,0,342,0,MinnesotaDakota2019
216,203,13,0,0,0,0,97,48,37,0,0,216,0,0,MinnesotaGoodhue2019
365,187,178,0,0,0,0,95,65,49,0,3,41,230,91,MinnesotaHennepin2019
363,333,30,0,0,0,0,83,48,31,0,0,117,213,33,MinnesotaLake2019
362,306,56,0,0,0,0,87,54,34,0,0,163,199,0,MinnesotaLyon2019
247,239,8,0,0,0,0,90,44,32,0,0,247,0,0,MinnesotaMille Lacs2019
364,271,93,0,0,0,0,86,60,40,0,0,137,227,0,MinnesotaOlmsted2019
365,246,119,0,0,0,0,91,63,39,0,0,0,346,19,MinnesotaRamsey2019
365,306,58,1,0,0,0,101,55,38,0,0,153,203,9,MinnesotaSaint Louis2019
365,273,92,0,0,0,0,93,58,38,0,0,192,173,0,MinnesotaScott2019
344,290,54,0,0,0,0,94,55,34,0,0,194,150,0,MinnesotaStearns2019
260,192,68,0,0,0,0,87,64,37,0,0,170,89,1,MinnesotaWashington2019
115,102,13,0,0,0,0,65,52,21,0,0,0,115,0,MinnesotaWinona2019
362,289,73,0,0,0,0,90,58,36,0,0,199,163,0,MinnesotaWright2019
364,197,167,0,0,0,0,96,64,49,0,0,95,269,0,MississippiBolivar2019
364,222,141,1,0,0,0,136,60,46,0,0,93,271,0,MississippiDeSoto2019
358,210,148,0,0,0,0,77,60,46,0,0,0,358,0,MississippiForrest2019
365,263,102,0,0,0,0,80,58,43,0,0,122,243,0,MississippiHancock2019
363,201,162,0,0,0,0,97,63,47,0,0,69,294,0,MississippiHarrison2019
365,161,204,0,0,0,0,100,66,52,0,0,70,295,0,MississippiHinds2019
365,232,132,1,0,0,0,105,61,46,0,0,94,271,0,MississippiJackson2019
245,229,16,0,0,0,0,77,49,36,0,0,245,0,0,MississippiLauderdale2019
241,222,19,0,0,0,0,84,49,39,0,0,241,0,0,MississippiLee2019
348,334,14,0,0,0,0,71,45,33,0,0,348,0,0,MississippiYalobusha2019
245,227,18,0,0,0,0,80,49,40,0,0,245,0,0,MissouriAndrew2019
245,239,6,0,0,0,0,71,46,38,0,0,245,0,0,MissouriBoone2019
365,223,142,0,0,0,0,84,61,42,0,0,0,327,38,MissouriBuchanan2019
245,238,7,0,0,0,0,71,47,39,0,0,245,0,0,MissouriCallaway2019
365,289,76,0,0,0,0,93,57,42,0,0,173,192,0,MissouriCass2019
351,237,114,0,0,0,0,80,61,44,0,0,128,223,0,MissouriCedar2019
365,266,99,0,0,0,0,90,61,43,0,0,203,162,0,MissouriClay2019
245,213,32,0,0,0,0,87,54,42,0,0,245,0,0,MissouriClinton2019
365,262,103,0,0,0,0,77,57,43,0,0,143,208,14,MissouriGreene2019
365,192,173,0,0,0,0,93,65,49,0,19,0,330,16,MissouriJackson2019
365,324,40,1,0,0,0,108,51,37,0,0,220,0,145,MissouriJasper2019
361,252,107,2,0,0,0,105,62,42,0,0,182,167,12,MissouriJefferson2019
245,223,22,0,0,0,0,100,50,40,0,0,245,0,0,MissouriLincoln2019
365,357,8,0,0,0,0,71,45,35,0,0,365,0,0,MissouriMonroe2019
245,224,21,0,0,0,0,87,50,40,0,0,245,0,0,MissouriPerry2019
244,202,38,3,1,0,0,151,58,42,0,0,244,0,0,MissouriSaint Charles2019
365,194,168,3,0,0,0,143,69,49,0,1,130,234,0,MissouriSaint Louis2019
244,229,15,0,0,0,0,87,49,38,0,0,244,0,0,MissouriSainte Genevieve2019
365,135,225,5,0,0,0,129,72,54,0,4,91,264,6,MissouriSt. Louis City2019
107,89,18,0,0,0,0,61,53,31,0,0,0,107,0,MissouriStoddard2019
120,112,8,0,0,0,0,59,46,26,0,0,0,120,0,MissouriTaney2019
363,326,36,1,0,0,0,106,51,28,0,0,0,363,0,MontanaCascade2019
365,343,22,0,0,0,0,86,48,38,0,0,313,50,2,MontanaFergus2019
365,267,97,1,0,0,0,103,61,39,0,0,198,143,24,MontanaFlathead2019
365,301,64,0,0,0,0,92,55,33,4,15,0,346,0,MontanaGallatin2019
93,92,1,0,0,0,0,53,26,10,0,0,0,93,0,MontanaLake2019
365,251,112,2,0,0,0,144,68,43,0,0,200,165,0,MontanaLewis and Clark2019
364,189,174,1,0,0,0,102,75,48,0,0,0,353,11,MontanaLincoln2019
365,173,188,3,1,0,0,153,78,52,0,0,0,364,1,MontanaMissoula2019
365,342,23,0,0,0,0,71,48,34,0,0,295,70,0,MontanaPhillips2019
361,312,48,1,0,0,0,145,52,38,0,0,272,84,5,MontanaPowder River2019
109,105,4,0,0,0,0,84,33,12,0,0,0,109,0,MontanaPowell2019
364,303,61,0,0,0,0,77,55,19,0,0,0,364,0,MontanaRavalli2019
365,322,43,0,0,0,0,93,51,37,0,0,275,85,5,MontanaRichland2019
93,89,4,0,0,0,0,54,29,13,0,0,0,93,0,MontanaRoosevelt2019
365,328,36,1,0,0,0,108,51,36,0,2,269,64,30,MontanaRosebud2019
365,289,76,0,0,0,0,95,56,33,0,0,0,357,8,MontanaSanders2019
104,101,3,0,0,0,0,57,36,16,0,0,0,104,0,MontanaSheridan2019
363,293,70,0,0,0,0,92,60,24,0,0,0,236,127,MontanaSilver Bow2019
292,271,20,0,1,0,0,159,47,31,0,0,0,292,0,MontanaYellowstone2019
348,348,0,0,0,0,0,46,26,13,0,0,0,0,348,NebraskaCass2019
365,273,92,0,0,0,0,80,59,42,0,0,156,207,2,NebraskaDouglas2019
97,87,10,0,0,0,0,64,51,25,0,0,0,97,0,NebraskaHall2019
355,342,13,0,0,0,0,80,46,35,0,0,355,0,0,NebraskaKnox2019
288,249,39,0,0,0,0,70,52,36,0,0,214,74,0,NebraskaLancaster2019
350,240,110,0,0,0,0,82,60,39,0,0,0,350,0,NebraskaSarpy2019
113,107,6,0,0,0,0,74,45,25,0,0,0,113,0,NebraskaScotts Bluff2019
109,105,4,0,0,0,0,62,34,16,0,0,0,109,0,NebraskaThomas2019
116,95,21,0,0,0,0,78,55,34,0,0,0,116,0,NebraskaWashington2019
365,296,69,0,0,0,0,97,58,44,0,0,277,88,0,NevadaCarson City2019
353,323,30,0,0,0,0,80,50,41,0,0,353,0,0,NevadaChurchill2019
365,128,232,5,0,0,0,122,87,58,1,10,236,110,8,NevadaClark2019
356,318,38,0,0,0,0,66,52,17,0,0,0,356,0,NevadaDouglas2019
365,356,9,0,0,0,0,77,31,14,0,0,12,23,330,NevadaElko2019
356,344,12,0,0,0,0,71,47,38,0,0,346,0,10,NevadaLyon2019
365,352,12,1,0,0,0,146,31,15,0,0,0,0,365,NevadaNye2019
365,214,151,0,0,0,0,97,64,48,0,2,273,87,3,NevadaWashoe2019
362,294,67,1,0,0,0,101,61,44,0,0,361,1,0,NevadaWhite Pine2019
316,292,24,0,0,0,0,77,48,32,0,0,156,160,0,New HampshireBelknap2019
365,331,34,0,0,0,0,82,50,35,0,0,254,111,0,New HampshireCheshire2019
324,313,11,0,0,0,0,64,47,40,0,0,304,20,0,New HampshireCoos2019
365,332,33,0,0,0,0,65,50,35,0,0,248,117,0,New HampshireGrafton2019
365,345,20,0,0,0,0,80,47,37,0,0,337,28,0,New HampshireHillsborough2019
210,206,4,0,0,0,0,61,44,36,0,0,210,0,0,New HampshireMerrimack2019
365,319,45,1,0,0,0,112,52,39,0,0,255,110,0,New HampshireRockingham2019
365,270,94,1,0,0,0,105,55,42,0,0,178,187,0,New JerseyAtlantic2019
365,149,211,5,0,0,0,150,73,53,0,32,56,277,0,New JerseyBergen2019
365,173,187,5,0,0,0,126,71,51,0,9,123,233,0,New JerseyCamden2019
361,254,104,3,0,0,0,105,61,44,0,1,204,156,0,New JerseyCumberland2019
365,206,159,0,0,0,0,100,65,47,0,42,122,201,0,New JerseyEssex2019
280,229,50,1,0,0,0,133,57,37,0,0,207,73,0,New JerseyGloucester2019
365,211,154,0,0,0,0,93,64,47,0,57,78,230,0,New JerseyHudson2019
362,256,105,1,0,0,0,108,62,43,0,0,178,184,0,New JerseyHunterdon2019
365,232,131,2,0,0,0,136,64,45,0,0,196,169,0,New JerseyMercer2019
362,243,116,3,0,0,0,115,63,43,0,6,182,174,0,New JerseyMiddlesex2019
240,217,23,0,0,0,0,100,50,37,0,0,240,0,0,New JerseyMonmouth2019
364,325,39,0,0,0,0,87,51,36,0,11,322,31,0,New JerseyMorris2019
349,266,81,2,0,0,0,150,60,40,0,0,191,158,0,New JerseyOcean2019
277,226,50,1,0,0,0,122,57,40,0,0,209,68,0,New JerseyPassaic2019
365,167,198,0,0,0,0,100,63,52,0,33,0,332,0,New JerseyUnion2019
364,279,84,1,0,0,0,103,57,39,0,26,121,217,0,New JerseyWarren2019
365,134,227,4,0,0,0,108,77,55,0,1,218,110,36,New MexicoBernalillo2019
111,111,0,0,0,0,0,42,24,12,0,0,0,111,0,New MexicoCatron2019
118,113,5,0,0,0,0,58,42,21,0,0,0,118,0,New MexicoChaves2019
365,156,185,17,3,2,2,645,87,54,0,4,244,60,57,New MexicoDona Ana2019
365,212,134,17,2,0,0,174,90,47,0,1,360,4,0,New MexicoEddy2019
365,210,151,4,0,0,0,140,71,48,0,4,252,109,0,New MexicoLea2019
107,107,0,0,0,0,0,42,28,13,0,0,0,107,0,New MexicoLincoln2019
117,117,0,0,0,0,0,42,21,12,0,0,0,117,0,New MexicoLos Alamos2019
361,349,10,1,0,0,1,630,29,12,0,0,0,0,361,New MexicoLuna2019
358,315,43,0,0,0,0,90,54,43,0,0,354,4,0,New MexicoRio Arriba2019
365,208,157,0,0,0,0,97,90,49,0,3,362,0,0,New MexicoSan Juan2019
363,275,88,0,0,0,0,97,61,44,0,0,350,11,2,New MexicoSandoval2019
362,273,88,1,0,0,0,101,67,44,0,0,349,13,0,New MexicoSanta Fe2019
92,92,0,0,0,0,0,41,26,14,0,0,0,92,0,New MexicoSocorro2019
358,315,43,0,0,0,0,73,53,21,0,0,0,358,0,New MexicoTaos2019
357,270,87,0,0,0,0,93,67,44,0,0,357,0,0,New MexicoValencia2019
365,276,89,0,0,0,0,93,58,41,0,0,151,214,0,New YorkAlbany2019
365,212,150,3,0,0,0,115,66,46,0,28,114,223,0,New YorkBronx2019
343,302,40,1,0,0,0,105,53,38,0,0,302,41,0,New YorkChautauqua2019
331,319,12,0,0,0,0,90,45,34,0,0,331,0,0,New YorkDutchess2019
365,262,103,0,0,0,0,93,59,43,0,12,130,223,0,New YorkErie2019
364,327,37,0,0,0,0,80,51,42,0,0,357,7,0,New YorkEssex2019
177,177,0,0,0,0,0,49,42,31,0,0,177,0,0,New YorkFranklin2019
323,321,2,0,0,0,0,54,44,35,0,0,323,0,0,New YorkHamilton2019
185,185,0,0,0,0,0,45,37,29,0,0,185,0,0,New YorkHerkimer2019
205,198,7,0,0,0,0,64,46,35,0,0,205,0,0,New YorkJefferson2019
365,280,85,0,0,0,0,78,55,36,0,0,0,365,0,New YorkKings2019
365,272,93,0,0,0,0,90,57,40,0,0,140,225,0,New YorkMonroe2019
360,308,52,0,0,0,0,72,53,29,0,0,0,360,0,New YorkNassau2019
365,219,144,2,0,0,0,136,62,46,0,0,124,241,0,New YorkNew York2019
352,339,13,0,0,0,0,80,44,35,0,0,352,0,0,New YorkNiagara2019
355,331,24,0,0,0,0,64,47,23,0,0,0,355,0,New YorkOneida2019
365,301,64,0,0,0,0,77,55,39,0,0,221,144,0,New YorkOnondaga2019
365,307,58,0,0,0,0,74,54,39,0,0,202,163,0,New YorkOrange2019
321,316,5,0,0,0,0,67,45,34,0,0,321,0,0,New YorkOswego2019
329,313,15,1,0,0,0,101,46,35,0,0,329,0,0,New YorkPutnam2019
365,234,127,4,0,0,0,119,61,45,0,42,141,182,0,New YorkQueens2019
365,275,90,0,0,0,0,97,60,41,0,0,177,188,0,New YorkRichmond2019
365,314,50,1,0,0,0,112,53,39,0,0,268,97,0,New YorkRockland2019
331,328,3,0,0,0,0,58,44,33,0,0,331,0,0,New YorkSaratoga2019
365,315,50,0,0,0,0,69,53,37,0,0,208,157,0,New YorkSteuben2019
365,276,80,9,0,0,0,150,64,43,0,0,261,104,0,New YorkSuffolk2019
356,349,7,0,0,0,0,61,45,35,0,0,356,0,0,New YorkTompkins2019
268,253,15,0,0,0,0,90,47,35,0,0,268,0,0,New YorkWayne2019
365,309,55,1,0,0,0,105,55,38,0,0,262,103,0,New YorkWestchester2019
305,274,31,0,0,0,0,80,51,39,0,0,245,0,60,North CarolinaAlexander2019
363,333,30,0,0,0,0,77,49,40,0,0,349,14,0,North CarolinaAvery2019
365,277,88,0,0,0,0,84,55,42,0,0,146,219,0,North CarolinaBuncombe2019
243,214,29,0,0,0,0,74,54,42,0,0,243,0,0,North CarolinaCaldwell2019
259,239,20,0,0,0,0,80,50,37,0,0,259,0,0,North CarolinaCarteret2019
245,236,9,0,0,0,0,64,47,39,0,0,245,0,0,North CarolinaCaswell2019
361,215,146,0,0,0,0,74,59,44,0,0,0,361,0,North CarolinaCatawba2019
363,236,127,0,0,0,0,84,61,44,0,0,156,204,3,North CarolinaCumberland2019
350,199,151,0,0,0,0,92,61,47,0,0,0,350,0,North CarolinaDavidson2019
364,207,157,0,0,0,0,87,60,47,0,0,138,226,0,North CarolinaDurham2019
363,275,88,0,0,0,0,71,55,40,0,0,136,227,0,North CarolinaEdgecombe2019
365,175,190,0,0,0,0,97,66,51,0,6,114,245,0,North CarolinaForsyth2019
245,191,54,0,0,0,0,97,61,44,0,0,245,0,0,North CarolinaGraham2019
240,195,45,0,0,0,0,87,64,44,0,0,240,0,0,North CarolinaGranville2019
365,244,121,0,0,0,0,90,61,44,0,0,180,166,19,North CarolinaGuilford2019
276,211,65,0,0,0,0,97,64,45,0,0,244,32,0,North CarolinaHaywood2019
102,98,4,0,0,0,0,63,42,24,0,0,0,102,0,North CarolinaHyde2019
103,85,18,0,0,0,0,66,54,34,0,0,0,103,0,North CarolinaJackson2019
363,224,139,0,0,0,0,87,60,46,0,0,106,257,0,North CarolinaJohnston2019
237,205,32,0,0,0,0,87,54,42,0,0,237,0,0,North CarolinaLenoir2019
243,178,65,0,0,0,0,97,64,44,0,0,243,0,0,North CarolinaLincoln2019
358,343,15,0,0,0,0,87,46,33,0,0,358,0,0,North CarolinaMacon2019
295,261,34,0,0,0,0,74,51,40,0,0,237,0,58,North CarolinaMartin2019
365,161,194,10,0,0,0,136,71,52,0,1,146,218,0,North CarolinaMecklenburg2019
333,290,43,0,0,0,0,63,52,29,0,0,0,333,0,North CarolinaMitchell2019
365,256,109,0,0,0,0,71,58,44,0,0,153,212,0,North CarolinaMontgomery2019
348,305,43,0,0,0,0,80,53,37,0,0,209,139,0,North CarolinaNew Hanover2019
153,102,51,0,0,0,0,74,56,43,0,11,0,142,0,North CarolinaNorthampton2019
244,200,44,0,0,0,0,80,58,44,0,0,244,0,0,North CarolinaPerson2019
352,271,81,0,0,0,0,87,55,41,0,0,156,196,0,North CarolinaPitt2019
245,207,38,0,0,0,0,84,58,44,0,0,245,0,0,North CarolinaRockingham2019
365,276,89,0,0,0,0,100,67,44,0,0,319,46,0,North CarolinaRowan2019
362,259,103,0,0,0,0,90,56,42,0,0,121,241,0,North CarolinaSwain2019
235,175,57,3,0,0,0,105,64,45,0,0,235,0,0,North CarolinaUnion2019
365,141,224,0,0,0,0,93,64,53,1,1,90,273,0,North CarolinaWake2019
244,191,53,0,0,0,0,87,64,45,0,0,244,0,0,North CarolinaYancey2019
365,346,19,0,0,0,0,84,46,34,0,0,310,55,0,North DakotaBillings2019
365,348,17,0,0,0,0,67,47,34,0,1,302,62,0,North DakotaBurke2019
365,299,66,0,0,0,0,90,55,36,0,5,155,205,0,North DakotaBurleigh2019
363,301,60,1,1,0,0,157,54,36,0,7,197,159,0,North DakotaCass2019
365,343,22,0,0,0,0,87,47,35,0,0,303,62,0,North DakotaDunn2019
365,343,22,0,0,0,0,77,49,35,0,1,309,55,0,North DakotaMcKenzie2019
365,301,64,0,0,0,0,72,53,38,0,0,204,161,0,North DakotaMercer2019
365,330,35,0,0,0,0,84,50,36,0,0,301,64,0,North DakotaOliver2019
364,336,28,0,0,0,0,87,46,31,0,5,217,138,4,North DakotaWard2019
362,324,38,0,0,0,0,77,51,34,0,0,263,97,2,North DakotaWilliams2019
327,294,33,0,0,0,0,66,51,28,0,0,0,327,0,OhioAdams2019
332,229,103,0,0,0,0,97,61,44,0,0,167,165,0,OhioAllen2019
245,221,23,1,0,0,0,112,50,39,0,0,245,0,0,OhioAshtabula2019
120,99,21,0,0,0,0,61,53,33,0,0,0,120,0,OhioAthens2019
365,327,38,0,0,0,0,69,51,15,15,250,0,91,9,OhioBelmont2019
364,236,126,2,0,0,0,101,70,44,0,0,267,92,5,OhioButler2019
362,147,213,2,0,0,0,105,67,53,0,0,102,260,0,OhioClark2019
358,247,107,4,0,0,0,140,61,44,0,0,177,181,0,OhioClermont2019
244,203,41,0,0,0,0,100,58,43,0,0,244,0,0,OhioClinton2019
62,62,0,0,0,0,0,26,22,12,0,0,0,0,62,OhioColumbiana2019
365,116,245,4,0,0,0,108,74,56,0,0,78,277,10,OhioCuyahoga2019
241,214,27,0,0,0,0,84,51,41,0,0,241,0,0,OhioDelaware2019
355,332,23,0,0,0,0,74,48,38,0,0,355,0,0,OhioFayette2019
365,157,207,1,0,0,0,101,68,53,0,0,111,253,1,OhioFranklin2019
230,189,39,2,0,0,0,119,61,42,0,0,230,0,0,OhioGeauga2019
243,213,30,0,0,0,0,90,54,41,0,0,243,0,0,OhioGreene2019
365,99,260,6,0,0,0,119,77,57,0,4,88,273,0,OhioHamilton2019
293,277,16,0,0,0,0,64,41,2,236,0,0,57,0,OhioHarrison2019
364,143,219,2,0,0,0,123,66,53,0,0,47,317,0,OhioJefferson2019
245,218,27,0,0,0,0,93,51,41,0,0,245,0,0,OhioKnox2019
365,292,68,5,0,0,0,115,58,40,0,0,187,178,0,OhioLake2019
365,263,102,0,0,0,0,77,55,43,0,0,131,234,0,OhioLawrence2019
245,223,22,0,0,0,0,80,50,41,0,0,245,0,0,OhioLicking2019
362,260,102,0,0,0,0,75,58,41,0,0,153,209,0,OhioLorain2019
351,224,126,1,0,0,0,143,64,44,0,0,117,234,0,OhioLucas2019
245,209,36,0,0,0,0,93,54,42,0,0,245,0,0,OhioMadison2019
360,232,128,0,0,0,0,84,59,46,0,0,93,267,0,OhioMahoning2019
353,230,123,0,0,0,0,81,58,44,0,0,99,254,0,OhioMedina2019
241,226,15,0,0,0,0,77,49,40,0,0,241,0,0,OhioMiami2019
365,163,202,0,0,0,0,95,67,52,0,0,101,264,0,OhioMontgomery2019
361,325,36,0,0,0,0,87,50,38,0,0,326,35,0,OhioNoble2019
270,233,37,0,0,0,0,87,54,38,0,0,202,68,0,OhioPortage2019
364,201,163,0,0,0,0,93,64,48,0,0,147,217,0,OhioPreble2019
365,337,28,0,0,0,0,78,44,14,0,0,0,111,254,OhioScioto2019
365,157,208,0,0,0,0,100,71,52,0,0,115,250,0,OhioStark2019
363,199,161,3,0,0,0,115,65,48,0,0,117,246,0,OhioSummit2019
362,249,113,0,0,0,0,100,60,44,0,0,162,200,0,OhioTrumbull2019
360,210,147,3,0,0,0,122,64,47,0,0,148,212,0,OhioWarren2019
245,219,26,0,0,0,0,87,51,41,0,0,245,0,0,OhioWashington2019
244,225,19,0,0,0,0,87,49,38,0,0,244,0,0,OhioWood2019
365,295,70,0,0,0,0,88,54,40,1,0,215,148,1,OklahomaAdair2019
355,306,48,1,0,0,0,105,54,37,0,0,355,0,0,OklahomaCanadian2019
365,228,137,0,0,0,0,97,61,46,0,0,157,208,0,OklahomaCarter2019
252,238,14,0,0,0,0,90,47,37,0,0,252,0,0,OklahomaChoctaw2019
365,160,205,0,0,0,0,90,67,52,0,0,131,234,0,OklahomaCleveland2019
365,220,145,0,0,0,0,97,64,47,0,0,155,210,0,OklahomaComanche2019
356,331,24,1,0,0,0,101,48,36,0,0,356,0,0,OklahomaCreek2019
236,235,1,0,0,0,0,58,26,14,0,0,0,0,236,OklahomaCuster2019
365,230,135,0,0,0,0,93,61,44,0,0,166,199,0,OklahomaDewey2019
27,27,0,0,0,0,0,43,42,22,0,0,0,27,0,OklahomaGrant2019
141,128,13,0,0,0,0,67,50,40,0,0,141,0,0,OklahomaJohnston2019
365,206,158,1,0,0,0,106,61,47,0,0,69,296,0,OklahomaKay2019
38,31,7,0,0,0,0,82,56,36,0,0,0,36,2,OklahomaLe Flore2019
297,283,14,0,0,0,0,100,46,35,0,0,297,0,0,OklahomaMayes2019
134,117,15,1,1,0,0,169,57,18,0,0,0,0,134,OklahomaMuskogee2019
365,228,136,1,0,0,0,118,61,45,0,0,152,213,0,OklahomaNowata2019
365,156,208,1,0,0,0,119,71,52,0,3,131,230,1,OklahomaOklahoma2019
354,311,43,0,0,0,0,90,51,38,0,0,354,0,0,OklahomaOsage2019
363,222,140,1,0,0,0,104,62,45,0,0,57,277,29,OklahomaOttawa2019
365,220,143,2,0,0,0,105,62,46,0,0,183,182,0,OklahomaPittsburg2019
361,279,82,0,0,0,0,67,56,41,0,10,141,210,0,OklahomaSequoyah2019
365,188,176,1,0,0,0,105,67,50,0,0,133,232,0,OklahomaTulsa2019
360,293,67,0,0,0,0,68,56,31,0,0,0,360,0,OregonBaker2019
365,302,63,0,0,0,0,87,56,22,0,0,0,365,0,OregonBenton2019
225,214,10,1,0,0,0,101,44,31,0,0,130,95,0,OregonClackamas2019
363,342,21,0,0,0,0,84,46,27,0,0,128,235,0,OregonColumbia2019
107,99,8,0,0,0,0,63,47,25,0,0,0,107,0,OregonCoos2019
365,266,98,1,0,0,0,103,63,30,0,0,0,365,0,OregonCrook2019
365,309,51,4,1,0,0,154,53,26,0,0,0,365,0,OregonDeschutes2019
347,256,91,0,0,0,0,82,64,32,0,0,0,347,0,OregonDouglas2019
349,205,143,1,0,0,0,103,65,41,0,0,0,349,0,OregonGrant2019
364,204,155,5,0,0,0,131,70,44,0,0,0,364,0,OregonHarney2019
365,249,109,3,4,0,0,190,64,41,0,0,123,242,0,OregonJackson2019
365,261,102,2,0,0,0,122,66,29,0,0,0,365,0,OregonJefferson2019
365,251,109,3,2,0,0,175,68,34,0,0,0,365,0,OregonJosephine2019
365,230,129,6,0,0,0,126,78,39,0,0,0,365,0,OregonKlamath2019
363,288,74,1,0,0,0,106,61,25,0,0,0,363,0,OregonLake2019
365,216,141,8,0,0,0,117,78,44,0,0,50,308,7,OregonLane2019
365,233,130,2,0,0,0,104,66,37,0,0,0,365,0,OregonLinn2019
356,262,94,0,0,0,0,93,63,37,0,0,108,248,0,OregonMarion2019
365,283,82,0,0,0,0,91,58,36,0,3,168,194,0,OregonMultnomah2019
365,267,97,1,0,0,0,104,63,40,0,0,142,223,0,OregonUmatilla2019
365,313,52,0,0,0,0,88,53,26,0,0,0,364,1,OregonUnion2019
363,289,73,1,0,0,0,103,56,29,0,0,0,363,0,OregonWallowa2019
350,262,88,0,0,0,0,89,62,31,0,0,0,350,0,OregonWasco2019
365,268,96,1,0,0,0,102,62,37,0,8,96,260,1,OregonWashington2019
365,243,122,0,0,0,0,87,63,45,0,0,210,155,0,PennsylvaniaAdams2019
365,67,287,7,4,0,0,165,80,59,0,0,39,326,0,PennsylvaniaAllegheny2019
365,261,104,0,0,0,0,72,57,43,0,0,154,211,0,PennsylvaniaArmstrong2019
365,183,181,1,0,0,0,132,67,50,0,0,150,215,0,PennsylvaniaBeaver2019
365,230,129,5,1,0,0,170,67,44,0,0,167,198,0,PennsylvaniaBerks2019
352,220,132,0,0,0,0,93,64,46,0,0,147,205,0,PennsylvaniaBlair2019
352,273,79,0,0,0,0,78,58,41,0,0,157,195,0,PennsylvaniaBradford2019
357,318,36,3,0,0,0,136,54,35,0,0,357,0,0,PennsylvaniaBucks2019
365,229,136,0,0,0,0,89,62,45,2,4,109,250,0,PennsylvaniaCambria2019
365,192,173,0,0,0,0,99,66,49,0,0,120,245,0,PennsylvaniaCentre2019
364,223,139,2,0,0,0,115,67,46,0,0,196,168,0,PennsylvaniaChester2019
359,357,2,0,0,0,0,61,44,33,0,0,359,0,0,PennsylvaniaClearfield2019
365,178,182,5,0,0,0,150,68,51,0,0,0,365,0,PennsylvaniaCumberland2019
365,232,129,3,1,0,0,161,67,44,0,0,162,202,1,PennsylvaniaDauphin2019
365,180,178,7,0,0,0,133,74,51,0,1,136,228,0,PennsylvaniaDelaware2019
357,345,12,0,0,0,0,80,46,35,0,0,357,0,0,PennsylvaniaElk2019
364,271,93,0,0,0,0,93,56,39,2,4,172,186,0,PennsylvaniaErie2019
360,273,87,0,0,0,0,75,57,42,0,0,192,168,0,PennsylvaniaFayette2019
341,324,17,0,0,0,0,80,48,36,0,0,341,0,0,PennsylvaniaFranklin2019
349,294,55,0,0,0,0,71,54,38,0,0,190,159,0,PennsylvaniaGreene2019
350,324,26,0,0,0,0,93,49,38,0,0,350,0,0,PennsylvaniaIndiana2019
365,309,56,0,0,0,0,82,53,39,0,11,233,121,0,PennsylvaniaLackawanna2019
365,160,195,9,1,0,0,159,76,52,0,0,104,261,0,PennsylvaniaLancaster2019
361,356,5,0,0,0,0,74,43,31,0,0,361,0,0,PennsylvaniaLawrence2019
360,219,137,4,0,0,0,142,66,46,0,0,135,225,0,PennsylvaniaLebanon2019
360,254,103,3,0,0,0,119,64,43,0,0,159,199,2,PennsylvaniaLehigh2019
361,350,11,0,0,0,0,77,45,34,0,0,352,0,9,PennsylvaniaLuzerne2019
361,322,39,0,0,0,0,77,51,37,0,0,269,92,0,PennsylvaniaLycoming2019
365,240,125,0,0,0,0,96,61,44,0,0,181,184,0,PennsylvaniaMercer2019
349,340,9,0,0,0,0,80,45,34,0,0,349,0,0,PennsylvaniaMonroe2019
362,262,99,1,0,0,0,129,61,40,0,0,163,199,0,PennsylvaniaMontgomery2019
363,238,122,3,0,0,0,114,66,44,0,1,165,197,0,PennsylvaniaNorthampton2019
365,193,166,6,0,0,0,140,72,49,0,12,131,222,0,PennsylvaniaPhiladelphia2019
359,340,19,0,0,0,0,80,48,36,0,0,359,0,0,PennsylvaniaSomerset2019
352,292,60,0,0,0,0,79,55,32,0,0,0,352,0,PennsylvaniaSusquehanna2019
361,317,44,0,0,0,0,77,52,37,0,3,238,120,0,PennsylvaniaTioga2019
365,177,188,0,0,0,0,95,66,51,0,0,110,255,0,PennsylvaniaWashington2019
354,276,78,0,0,0,0,93,55,41,0,0,195,159,0,PennsylvaniaWestmoreland2019
27,18,9,0,0,0,0,87,67,38,0,0,0,27,0,PennsylvaniaWyoming2019
365,232,133,0,0,0,0,94,60,44,0,17,160,188,0,PennsylvaniaYork2019
117,98,19,0,0,0,0,70,54,24,0,0,0,117,0,Puerto RicoAdjuntas2019
278,239,39,0,0,0,0,79,53,20,30,0,108,140,0,Puerto RicoBayamon2019
354,322,28,4,0,0,0,114,47,10,119,121,0,114,0,Puerto RicoCaguas2019
347,194,142,10,1,0,0,173,89,45,0,0,62,242,43,Puerto RicoCatano2019
119,93,26,0,0,0,0,85,58,29,0,0,0,119,0,Puerto RicoFajardo2019
2,2,0,0,0,0,0,29,29,29,0,0,0,0,2,Puerto RicoGuayama2019
362,312,46,4,0,0,0,110,56,22,23,223,0,112,4,Puerto RicoGuaynabo2019
202,136,66,0,0,0,0,87,63,33,0,0,7,195,0,Puerto RicoMayagnez2019
351,204,141,6,0,0,0,136,69,43,9,0,0,274,68,Puerto RicoPonce2019
277,277,0,0,0,0,0,35,17,14,277,0,0,0,0,Puerto RicoSan Juan2019
351,325,26,0,0,0,0,93,49,34,0,0,196,155,0,Rhode IslandKent2019
365,222,143,0,0,0,0,90,61,46,0,2,157,206,0,Rhode IslandProvidence2019
352,317,33,2,0,0,0,126,50,38,0,0,202,150,0,Rhode IslandWashington2019
113,103,10,0,0,0,0,97,50,37,0,0,113,0,0,South CarolinaAiken2019
85,66,18,1,0,0,0,108,67,42,0,0,85,0,0,South CarolinaAnderson2019
79,79,0,0,0,0,0,47,40,31,0,0,79,0,0,South CarolinaBerkeley2019
357,262,95,0,0,0,0,76,56,42,0,0,41,315,1,South CarolinaCharleston2019
364,284,80,0,0,0,0,77,56,34,0,0,119,245,0,South CarolinaChesterfield2019
7,7,0,0,0,0,0,41,41,26,0,0,0,7,0,South CarolinaColleton2019
122,110,12,0,0,0,0,90,50,38,0,0,122,0,0,South CarolinaDarlington2019
361,234,127,0,0,0,0,90,57,43,0,0,47,314,0,South CarolinaEdgefield2019
361,243,118,0,0,0,0,73,57,41,0,0,0,361,0,South CarolinaFlorence2019
92,91,1,0,0,0,0,52,25,14,0,0,0,0,92,South CarolinaGeorgetown2019
365,211,154,0,0,0,0,97,63,46,0,12,57,288,8,South CarolinaGreenville2019
101,99,2,0,0,0,0,77,44,35,0,0,101,0,0,South CarolinaHorry2019
365,230,135,0,0,0,0,69,58,44,0,0,0,360,5,South CarolinaLexington2019
307,241,66,0,0,0,0,74,55,37,0,0,69,238,0,South CarolinaOconee2019
99,77,22,0,0,0,0,84,64,44,0,0,99,0,0,South CarolinaPickens2019
365,245,120,0,0,0,0,93,58,42,1,16,81,267,0,South CarolinaRichland2019
348,206,140,2,0,0,0,105,61,45,0,0,63,285,0,South CarolinaSpartanburg2019
365,210,148,7,0,0,0,133,64,47,0,0,146,219,0,South CarolinaYork2019
365,273,87,5,0,0,0,126,66,43,0,0,311,44,10,South DakotaBrookings2019
122,104,18,0,0,0,0,80,53,25,0,0,0,119,3,South DakotaBrown2019
361,295,66,0,0,0,0,83,55,32,0,0,0,316,45,South DakotaCodington2019
362,352,10,0,0,0,0,84,48,40,0,0,340,22,0,South DakotaCuster2019
356,338,18,0,0,0,0,69,37,14,0,0,0,356,0,South DakotaHughes2019
365,343,22,0,0,0,0,63,49,38,0,2,328,35,0,South DakotaJackson2019
365,358,7,0,0,0,0,80,44,36,0,0,361,0,4,South DakotaMeade2019
365,301,63,1,0,0,0,105,55,37,0,7,265,91,2,South DakotaMinnehaha2019
361,267,90,4,0,0,0,117,61,33,0,10,0,175,176,South DakotaPennington2019
364,306,58,0,0,0,0,97,56,37,0,2,233,121,8,South DakotaUnion2019
234,177,55,2,0,0,0,105,71,44,0,0,234,0,0,TennesseeAnderson2019
365,223,140,2,0,0,0,115,61,46,0,0,180,185,0,TennesseeBlount2019
346,325,21,0,0,0,0,80,47,35,0,0,346,0,0,TennesseeClaiborne2019
365,151,213,1,0,0,0,101,64,52,0,10,63,292,0,TennesseeDavidson2019
363,335,28,0,0,0,0,80,49,37,0,0,363,0,0,TennesseeDeKalb2019
360,275,85,0,0,0,0,66,54,35,0,0,0,360,0,TennesseeDyer2019
365,181,184,0,0,0,0,97,67,51,0,0,127,238,0,TennesseeHamilton2019
234,197,37,0,0,0,0,93,58,44,0,0,234,0,0,TennesseeJefferson2019
364,214,150,0,0,0,0,84,62,46,0,0,128,232,4,TennesseeKnox2019
330,244,86,0,0,0,0,66,55,36,0,0,0,330,0,TennesseeLawrence2019
365,251,114,0,0,0,0,93,58,43,0,0,120,245,0,TennesseeLoudon2019
362,262,100,0,0,0,0,65,56,36,0,0,0,362,0,TennesseeMadison2019
362,301,61,0,0,0,0,66,53,31,0,0,0,362,0,TennesseeMaury2019
357,239,118,0,0,0,0,69,57,41,0,0,0,357,0,TennesseeMcMinn2019
362,278,84,0,0,0,0,67,55,35,0,0,0,362,0,TennesseeMontgomery2019
360,291,69,0,0,0,0,67,54,33,0,0,0,360,0,TennesseePutnam2019
356,251,105,0,0,0,0,75,55,37,0,0,0,356,0,TennesseeRoane2019
364,287,77,0,0,0,0,90,61,44,0,0,364,0,0,TennesseeSevier2019
365,152,209,4,0,0,0,148,67,52,0,3,118,243,1,TennesseeShelby2019
362,240,121,1,0,0,0,119,59,44,0,0,158,204,0,TennesseeSullivan2019
357,240,117,0,0,0,0,93,61,44,0,0,160,197,0,TennesseeSumner2019
245,215,30,0,0,0,0,84,51,42,0,0,245,0,0,TennesseeWilliamson2019
231,205,26,0,0,0,0,80,51,40,0,0,231,0,0,TennesseeWilson2019
365,237,126,2,0,0,0,105,62,45,0,1,211,153,0,TexasBell2019
365,117,242,5,1,0,0,175,74,55,0,0,93,271,1,TexasBexar2019
349,171,177,1,0,0,0,109,62,51,0,0,0,349,0,TexasBowie2019
365,325,33,6,1,0,0,161,51,33,0,5,360,0,0,TexasBrazoria2019
362,278,84,0,0,0,0,93,57,42,0,0,257,105,0,TexasBrewster2019
365,172,193,0,0,0,0,91,67,52,0,0,83,282,0,TexasCameron2019
365,309,48,7,1,0,0,156,58,40,0,0,365,0,0,TexasCollin2019
176,153,21,2,0,0,0,108,52,36,0,0,102,74,0,TexasCulberson2019
365,156,203,6,0,0,0,143,74,52,0,6,137,222,0,TexasDallas2019
365,239,114,12,0,0,0,133,67,44,0,1,236,128,0,TexasDenton2019
354,251,103,0,0,0,0,82,56,38,0,0,0,354,0,TexasEctor2019
365,100,252,11,2,0,0,159,84,57,0,6,142,214,3,TexasEl Paso2019
365,250,115,0,0,0,0,97,58,44,0,5,188,172,0,TexasEllis2019
362,247,107,8,0,0,0,136,63,43,0,3,215,143,1,TexasGalveston2019
362,328,33,1,0,0,0,112,50,35,0,3,359,0,0,TexasGregg2019
365,91,247,22,4,1,0,202,93,56,0,7,106,252,0,TexasHarris2019
358,242,116,0,0,0,0,90,58,44,0,0,131,227,0,TexasHarrison2019
365,184,179,2,0,0,0,106,69,50,0,0,76,289,0,TexasHidalgo2019
357,325,31,1,0,0,0,133,50,35,0,0,357,0,0,TexasHood2019
364,345,19,0,0,0,0,97,47,35,0,3,361,0,0,TexasHunt2019
365,194,165,6,0,0,0,150,67,49,0,0,142,223,0,TexasJefferson2019
352,298,47,7,0,0,0,143,61,38,0,0,352,0,0,TexasJohnson2019
365,278,87,0,0,0,0,93,57,42,0,0,209,156,0,TexasKaufman2019
284,182,102,0,0,0,0,89,61,41,0,0,0,284,0,TexasKleberg2019
330,281,48,1,0,0,0,103,53,34,0,0,0,330,0,TexasLubbock2019
339,246,92,1,0,0,0,104,59,34,0,0,0,339,0,TexasMaverick2019
365,313,52,0,0,0,0,87,54,39,1,0,276,88,0,TexasMcLennan2019
365,261,99,5,0,0,0,143,61,44,0,2,226,137,0,TexasMontgomery2019
362,275,87,0,0,0,0,100,57,42,0,0,211,151,0,TexasNavarro2019
365,198,166,1,0,0,0,107,66,49,0,0,113,252,0,TexasNueces2019
365,233,132,0,0,0,0,100,60,44,0,0,125,240,0,TexasOrange2019
363,317,46,0,0,0,0,100,54,37,0,0,363,0,0,TexasParker2019
344,334,10,0,0,0,0,74,44,31,0,0,344,0,0,TexasPolk2019
340,304,36,0,0,0,0,65,51,25,0,0,0,340,0,TexasPotter2019
354,280,72,2,0,0,0,112,61,41,0,0,354,0,0,TexasRandall2019
323,305,16,2,0,0,0,105,47,34,0,0,323,0,0,TexasRockwall2019
364,326,37,1,0,0,0,133,51,36,0,4,360,0,0,TexasSmith2019
365,176,175,14,0,0,0,147,74,51,0,6,157,202,0,TexasTarrant2019
365,169,194,2,0,0,0,115,67,52,0,5,105,255,0,TexasTravis2019
341,319,22,0,0,0,0,87,48,31,0,0,341,0,0,TexasVictoria2019
365,187,177,1,0,0,0,109,71,50,0,0,74,290,1,TexasWebb2019
364,300,62,2,0,0,0,121,54,41,0,61,261,42,0,UtahBox Elder2019
365,247,104,14,0,0,0,147,69,46,0,0,259,106,0,UtahCache2019
365,265,99,1,0,0,0,108,64,46,0,4,361,0,0,UtahCarbon2019
365,239,120,6,0,0,0,119,74,45,0,25,263,77,0,UtahDavis2019
365,226,128,7,4,0,0,177,72,48,0,0,312,53,0,UtahDuchesne2019
299,258,41,0,0,0,0,80,51,41,0,0,268,31,0,UtahGarfield2019
365,320,45,0,0,0,0,84,52,43,0,14,301,50,0,UtahIron2019
365,132,216,17,0,0,0,136,90,58,0,24,228,109,4,UtahSalt Lake2019
363,286,70,3,1,3,0,268,58,44,0,0,363,0,0,UtahSan Juan2019
365,286,77,2,0,0,0,117,61,44,0,1,285,79,0,UtahTooele2019
365,157,186,17,4,1,0,205,87,54,0,0,342,23,0,UtahUintah2019
365,217,147,1,0,0,0,107,70,48,0,4,267,93,1,UtahUtah2019
365,283,82,0,0,0,0,93,61,45,0,0,332,33,0,UtahWashington2019
109,109,0,0,0,0,0,27,21,12,0,0,0,109,0,UtahWayne2019
308,224,82,2,0,0,0,108,66,44,0,20,208,80,0,UtahWeber2019
365,329,36,0,0,0,0,95,50,37,0,0,247,118,0,VermontBennington2019
365,306,59,0,0,0,0,82,54,39,0,0,205,160,0,VermontChittenden2019
365,281,84,0,0,0,0,89,58,40,0,1,160,203,1,VermontRutland2019
104,103,1,0,0,0,0,52,26,11,0,0,0,104,0,VermontWindham2019
57,47,10,0,0,0,0,74,63,27,0,0,0,57,0,Virgin IslandsSt Croix2019
101,86,15,0,0,0,0,77,54,21,0,0,0,101,0,Virgin IslandsSt John2019
268,195,73,0,0,0,0,92,62,37,0,0,0,268,0,Virgin IslandsSt Thomas2019
282,251,31,0,0,0,0,67,51,41,0,0,218,64,0,VirginiaAlbemarle2019
109,109,0,0,0,0,0,16,8,5,0,0,0,0,109,VirginiaAlexandria City2019
365,294,70,1,0,0,0,112,61,40,1,90,216,58,0,VirginiaArlington2019
117,94,23,0,0,0,0,72,54,34,0,0,0,117,0,VirginiaBristol City2019
239,229,10,0,0,0,0,84,48,39,0,0,239,0,0,VirginiaCaroline2019
61,61,0,0,0,0,0,18,15,9,0,0,0,0,61,VirginiaCarroll2019
356,321,35,0,0,0,0,90,50,36,0,86,200,70,0,VirginiaCharles2019
280,235,45,0,0,0,0,87,54,40,0,0,209,71,0,VirginiaChesterfield2019
365,192,171,2,0,0,0,105,64,49,0,12,104,249,0,VirginiaFairfax2019
233,229,4,0,0,0,0,64,45,37,0,0,233,0,0,VirginiaFauquier2019
365,277,88,0,0,0,0,96,55,42,0,0,136,229,0,VirginiaFrederick2019
344,315,29,0,0,0,0,84,50,40,0,0,344,0,0,VirginiaGiles2019
364,283,81,0,0,0,0,84,55,42,1,2,179,182,0,VirginiaHampton City2019
243,216,27,0,0,0,0,90,54,41,0,0,243,0,0,VirginiaHanover2019
363,310,53,0,0,0,0,100,54,38,4,17,278,64,0,VirginiaHenrico2019
57,57,0,0,0,0,0,19,15,8,0,0,0,0,57,VirginiaHopewell City2019
337,286,50,1,0,0,0,112,54,38,0,78,202,57,0,VirginiaLoudoun2019
108,91,17,0,0,0,0,61,53,34,0,0,0,108,0,VirginiaLynchburg City2019
362,326,36,0,0,0,0,67,50,41,0,0,326,36,0,VirginiaMadison2019
364,341,23,0,0,0,0,72,47,20,12,240,0,111,1,VirginiaNorfolk City2019
358,351,7,0,0,0,0,67,44,35,0,0,358,0,0,VirginiaPrince Edward2019
364,347,17,0,0,0,0,100,48,36,0,119,245,0,0,VirginiaPrince William2019
362,236,126,0,0,0,0,96,58,43,2,60,0,300,0,VirginiaRichmond City2019
365,286,79,0,0,0,0,71,55,42,0,48,145,172,0,VirginiaRoanoke2019
274,259,15,0,0,0,0,71,47,38,0,0,227,47,0,VirginiaRockbridge2019
365,333,32,0,0,0,0,69,50,38,0,91,213,61,0,VirginiaRockingham2019
118,90,28,0,0,0,0,65,54,34,0,0,0,118,0,VirginiaSalem City2019
260,244,16,0,0,0,0,93,49,39,0,0,240,0,20,VirginiaStafford2019
245,223,22,0,0,0,0,97,50,41,0,0,245,0,0,VirginiaSuffolk City2019
115,94,21,0,0,0,0,70,56,34,0,0,0,115,0,VirginiaVirginia Beach City2019
57,57,0,0,0,0,0,24,14,8,0,0,0,0,57,VirginiaWinchester City2019
242,232,10,0,0,0,0,71,48,41,0,0,242,0,0,VirginiaWythe2019
360,339,21,0,0,0,0,89,42,17,0,0,0,360,0,WashingtonAdams2019
357,250,106,1,0,0,0,125,65,36,0,0,0,357,0,WashingtonAsotin2019
364,273,91,0,0,0,0,80,59,39,0,0,152,199,13,WashingtonBenton2019
365,258,106,1,0,0,0,102,61,32,0,0,0,365,0,WashingtonChelan2019
365,285,80,0,0,0,0,73,56,38,0,0,166,199,0,WashingtonClallam2019
364,277,86,1,0,0,0,128,63,34,0,0,127,237,0,WashingtonClark2019
365,322,43,0,0,0,0,72,53,22,0,0,0,365,0,WashingtonColumbia2019
360,301,59,0,0,0,0,79,54,24,0,0,0,360,0,WashingtonCowlitz2019
333,288,45,0,0,0,0,74,53,21,0,0,0,333,0,WashingtonFranklin2019
358,330,28,0,0,0,0,67,48,23,0,0,0,358,0,WashingtonGarfield2019
365,306,59,0,0,0,0,71,54,24,0,0,0,365,0,WashingtonGrant2019
352,327,25,0,0,0,0,62,47,27,0,0,0,352,0,WashingtonGrays Harbor2019
365,344,21,0,0,0,0,57,42,26,0,0,0,365,0,WashingtonJefferson2019
365,208,157,0,0,0,0,90,64,48,0,19,44,302,0,WashingtonKing2019
340,313,27,0,0,0,0,77,47,24,0,0,0,340,0,WashingtonKitsap2019
365,268,97,0,0,0,0,96,61,31,0,0,0,365,0,WashingtonKittitas2019
365,300,65,0,0,0,0,97,54,27,0,0,0,365,0,WashingtonKlickitat2019
365,308,57,0,0,0,0,66,54,27,0,0,0,365,0,WashingtonLewis2019
361,305,56,0,0,0,0,75,53,28,0,0,0,361,0,WashingtonMason2019
365,209,156,0,0,0,0,91,68,42,0,0,0,365,0,WashingtonOkanogan2019
365,234,129,2,0,0,0,142,67,44,0,6,133,226,0,WashingtonPierce2019
112,111,1,0,0,0,0,52,31,21,0,0,0,112,0,WashingtonSan Juan2019
365,340,25,0,0,0,0,59,46,29,0,0,63,302,0,WashingtonSkagit2019
364,227,136,1,0,0,0,114,71,40,0,0,0,364,0,WashingtonSnohomish2019
365,258,106,1,0,0,0,107,64,42,0,0,131,218,16,WashingtonSpokane2019
365,223,141,1,0,0,0,146,67,36,0,0,0,335,30,WashingtonStevens2019
365,290,75,0,0,0,0,74,58,33,0,0,134,231,0,WashingtonThurston2019
365,299,66,0,0,0,0,94,56,23,0,0,0,235,130,WashingtonWalla Walla2019
363,334,29,0,0,0,0,66,47,29,0,0,127,236,0,WashingtonWhatcom2019
365,324,41,0,0,0,0,71,51,24,0,0,0,365,0,WashingtonWhitman2019
365,178,177,10,0,0,0,127,79,51,0,0,0,363,2,WashingtonYakima2019
278,233,43,2,0,0,0,127,54,40,0,0,201,77,0,West VirginiaBerkeley2019
360,287,72,1,0,0,0,112,56,19,0,0,0,119,241,West VirginiaBrooke2019
275,233,42,0,0,0,0,71,53,40,0,0,199,76,0,West VirginiaCabell2019
336,333,3,0,0,0,0,58,44,32,0,0,336,0,0,West VirginiaGilmer2019
242,222,20,0,0,0,0,84,50,42,0,0,242,0,0,West VirginiaGreenbrier2019
303,257,46,0,0,0,0,93,54,40,0,0,216,48,39,West VirginiaHancock2019
111,84,27,0,0,0,0,64,56,41,0,0,0,111,0,West VirginiaHarrison2019
365,262,103,0,0,0,0,93,58,44,21,0,201,143,0,West VirginiaKanawha2019
99,70,29,0,0,0,0,66,59,41,0,0,0,99,0,West VirginiaMarion2019
118,68,50,0,0,0,0,80,63,46,0,0,0,118,0,West VirginiaMarshall2019
277,237,40,0,0,0,0,74,54,41,0,0,200,77,0,West VirginiaMonongalia2019
283,226,57,0,0,0,0,71,57,42,0,0,211,72,0,West VirginiaOhio2019
362,343,19,0,0,0,0,61,47,35,0,0,350,12,0,West VirginiaTucker2019
277,231,46,0,0,0,0,87,56,40,0,0,211,66,0,West VirginiaWood2019
364,332,32,0,0,0,0,81,50,35,0,0,263,101,0,WisconsinAshland2019
361,265,96,0,0,0,0,97,58,40,0,0,120,241,0,WisconsinBrown2019
192,184,8,0,0,0,0,71,46,37,0,0,192,0,0,WisconsinColumbia2019
365,239,126,0,0,0,0,93,64,43,0,0,111,254,0,WisconsinDane2019
365,257,107,1,0,0,0,122,61,42,0,0,209,156,0,WisconsinDodge2019
201,191,9,1,0,0,0,112,47,35,0,0,201,0,0,WisconsinDoor2019
363,268,95,0,0,0,0,90,60,39,0,0,121,242,0,WisconsinEau Claire2019
202,195,7,0,0,0,0,100,47,36,0,0,202,0,0,WisconsinFond du Lac2019
363,308,55,0,0,0,0,97,53,36,0,0,252,111,0,WisconsinForest2019
365,255,109,1,0,0,0,104,62,39,0,0,0,365,0,WisconsinGrant2019
203,191,12,0,0,0,0,100,48,37,0,0,203,0,0,WisconsinJefferson2019
365,248,115,2,0,0,0,119,65,44,0,0,190,175,0,WisconsinKenosha2019
210,199,11,0,0,0,0,90,45,36,0,0,210,0,0,WisconsinKewaunee2019
365,274,91,0,0,0,0,85,62,39,0,0,147,218,0,WisconsinLa Crosse2019
202,187,15,0,0,0,0,100,48,36,0,0,202,0,0,WisconsinManitowoc2019
205,196,9,0,0,0,0,84,47,34,0,0,205,0,0,WisconsinMarathon2019
365,205,157,3,0,0,0,105,68,47,0,5,119,239,2,WisconsinMilwaukee2019
365,258,105,2,0,0,0,119,63,41,0,0,115,250,0,WisconsinOutagamie2019
363,271,89,3,0,0,0,108,61,40,0,0,173,190,0,WisconsinOzaukee2019
203,174,28,1,0,0,0,115,58,39,0,0,203,0,0,WisconsinRacine2019
203,185,18,0,0,0,0,77,50,38,0,0,203,0,0,WisconsinRock2019
365,281,83,1,0,0,0,107,59,39,0,0,124,241,0,WisconsinSauk2019
206,180,24,2,0,0,0,108,61,38,0,0,206,0,0,WisconsinSheboygan2019
365,294,71,0,0,0,0,87,57,38,0,0,222,143,0,WisconsinTaylor2019
362,320,42,0,0,0,0,91,52,31,0,0,156,206,0,WisconsinVilas2019
205,189,15,1,0,0,0,112,49,37,0,0,205,0,0,WisconsinWalworth2019
365,211,153,1,0,0,0,115,64,45,0,0,81,284,0,WisconsinWaukesha2019
365,245,120,0,0,0,0,90,61,47,0,0,327,4,34,WyomingAlbany2019
356,344,12,0,0,0,0,77,46,36,0,0,356,0,0,WyomingBig Horn2019
365,301,63,1,0,0,0,111,56,41,0,1,215,21,128,WyomingCampbell2019
364,325,38,1,0,0,0,112,51,43,0,13,351,0,0,WyomingCarbon2019
365,314,50,1,0,0,0,101,53,41,0,3,312,10,40,WyomingConverse2019
365,291,73,1,0,0,0,122,60,45,0,0,335,30,0,WyomingFremont2019
364,345,19,0,0,0,0,80,49,40,0,1,356,0,7,WyomingJohnson2019
365,296,69,0,0,0,0,74,58,43,0,4,320,25,16,WyomingLaramie2019
365,364,1,0,0,0,0,56,27,12,0,0,0,0,365,WyomingLincoln2019
364,327,37,0,0,0,0,74,51,42,0,1,357,6,0,WyomingNatrona2019
307,292,15,0,0,0,0,80,47,38,0,3,261,40,3,WyomingPark2019
60,56,3,1,0,0,0,108,37,14,0,0,0,0,60,WyomingPlatte2019
365,315,50,0,0,0,0,90,54,39,0,0,299,39,27,WyomingSheridan2019
365,265,89,8,3,0,0,200,71,46,0,0,358,7,0,WyomingSublette2019
365,258,104,3,0,0,0,133,64,46,0,3,318,9,35,WyomingSweetwater2019
365,323,42,0,0,0,0,87,51,44,0,0,353,11,1,WyomingTeton2019
365,315,49,1,0,0,0,101,58,44,0,1,360,0,4,WyomingUinta2019
360,335,25,0,0,0,0,71,49,40,0,0,360,0,0,WyomingWeston2019
