AQI_records_21,Good_21,Moderate_21,Unhealthy_sens_21,Unhealthy_21,Very_unhealthy_21,Hazardous_21,Max_AQI_21,90th_Percentile_AQI_21,Median_AQI_21,CO_21,NO2_21,O3_21,PM2.5_21,PM10_21,State_County_Year
280,248,32,0,0,0,0,63,52,37,0,0,199,81,0,AlabamaBaldwin2021
110,87,23,0,0,0,0,70,55,36,0,0,0,110,0,AlabamaClay2021
361,315,46,0,0,0,0,84,53,37,0,0,298,63,0,AlabamaDeKalb2021
241,238,3,0,0,0,0,87,44,32,0,0,241,0,0,AlabamaElmore2021
286,235,51,0,0,0,0,80,57,38,0,0,201,85,0,AlabamaEtowah2021
365,104,256,3,2,0,0,189,77,56,0,1,47,317,0,AlabamaJefferson2021
100,89,11,0,0,0,0,60,53,28,0,0,0,100,0,AlabamaLawrence2021
357,189,166,2,0,0,0,105,62,49,0,0,59,285,13,AlabamaMadison2021
361,125,236,0,0,0,0,83,62,53,0,0,35,326,0,AlabamaMobile2021
354,222,132,0,0,0,0,93,60,44,0,0,86,268,0,AlabamaMontgomery2021
365,209,156,0,0,0,0,97,63,47,0,0,71,294,0,AlabamaMorgan2021
364,214,147,3,0,0,0,142,65,47,0,0,51,313,0,AlabamaRussell2021
243,231,12,0,0,0,0,77,48,35,0,0,243,0,0,AlabamaShelby2021
355,311,44,0,0,0,0,71,52,35,0,0,91,264,0,AlabamaSumter2021
280,246,34,0,0,0,0,90,52,34,0,0,188,92,0,AlabamaTuscaloosa2021
118,117,1,0,0,0,0,51,29,13,0,0,0,118,0,AlaskaAleutians East 2021
365,289,74,2,0,0,0,132,57,28,2,0,0,277,86,AlaskaAnchorage 2021
363,360,3,0,0,0,0,74,41,33,0,0,360,3,0,AlaskaDenali 2021
365,211,120,21,13,0,0,189,97,42,0,0,66,298,1,AlaskaFairbanks North Star 2021
357,315,42,0,0,0,0,89,53,20,0,0,0,353,4,AlaskaJuneau 2021
121,121,0,0,0,0,0,41,19,9,0,0,0,121,0,AlaskaKenai Peninsula 2021
354,307,44,2,1,0,0,163,54,15,0,0,0,300,54,AlaskaMatanuska-Susitna 2021
114,113,1,0,0,0,0,53,15,5,0,0,0,114,0,AlaskaNorth Slope 2021
359,353,6,0,0,0,0,90,30,15,0,0,0,67,292,ArizonaApache2021
365,259,104,2,0,0,0,105,60,45,0,0,307,2,56,ArizonaCochise2021
365,265,100,0,0,0,0,93,64,46,0,0,356,9,0,ArizonaCoconino2021
365,239,116,8,2,0,0,180,80,46,0,0,341,4,20,ArizonaGila2021
362,254,107,0,1,0,0,187,71,46,0,0,351,7,4,ArizonaLa Paz2021
365,12,128,91,61,73,0,297,213,122,0,0,295,27,43,ArizonaMaricopa2021
363,360,2,0,1,0,0,156,34,19,0,0,0,2,361,ArizonaMohave2021
365,292,72,1,0,0,0,101,61,44,0,0,337,4,24,ArizonaNavajo2021
365,93,258,13,0,0,1,313,85,56,0,0,147,145,73,ArizonaPima2021
365,72,240,49,4,0,0,198,108,70,0,0,135,48,182,ArizonaPinal2021
360,169,189,1,1,0,0,171,71,52,0,0,0,295,65,ArizonaSanta Cruz2021
331,302,29,0,0,0,0,64,50,44,0,0,331,0,0,ArizonaYavapai2021
365,186,173,5,1,0,0,170,71,50,0,0,174,146,45,ArizonaYuma2021
120,89,31,0,0,0,0,76,57,39,0,0,0,120,0,ArkansasArkansas2021
120,82,38,0,0,0,0,66,59,42,0,0,0,120,0,ArkansasAshley2021
338,328,10,0,0,0,0,90,45,32,0,0,338,0,0,ArkansasClark2021
365,222,139,4,0,0,0,122,63,45,0,2,98,265,0,ArkansasCrittenden2021
120,71,49,0,0,0,0,80,60,45,0,0,0,120,0,ArkansasGarland2021
120,80,40,0,0,0,0,86,60,39,0,0,0,120,0,ArkansasJackson2021
365,340,25,0,0,0,0,74,48,37,0,0,330,35,0,ArkansasNewton2021
360,299,61,0,0,0,0,93,56,40,0,0,293,67,0,ArkansasPolk2021
365,114,249,2,0,0,0,112,73,54,0,2,36,327,0,ArkansasPulaski2021
116,66,50,0,0,0,0,74,60,48,0,0,0,116,0,ArkansasUnion2021
365,206,158,1,0,0,0,119,66,48,0,0,101,264,0,ArkansasWashington2021
365,155,200,9,1,0,0,151,71,53,0,3,99,263,0,CaliforniaAlameda2021
365,307,54,4,0,0,0,133,67,37,0,0,365,0,0,CaliforniaAmador2021
365,160,174,18,10,3,0,257,90,53,0,0,177,185,3,CaliforniaButte2021
364,220,135,6,3,0,0,178,77,46,0,0,216,148,0,CaliforniaCalaveras2021
365,111,238,9,6,1,0,225,76,55,0,0,60,291,14,CaliforniaColusa2021
365,195,165,5,0,0,0,150,69,47,0,0,139,226,0,CaliforniaContra Costa2021
323,259,64,0,0,0,0,72,54,31,0,0,0,323,0,CaliforniaDel Norte2021
365,247,96,16,4,1,1,375,93,43,0,0,349,9,7,CaliforniaEl Dorado2021
365,62,221,63,17,2,0,278,130,68,0,0,146,209,10,CaliforniaFresno2021
365,244,106,9,6,0,0,192,65,42,0,0,183,172,10,CaliforniaGlenn2021
365,333,32,0,0,0,0,64,48,29,12,0,219,78,56,CaliforniaHumboldt2021
365,84,252,22,4,1,2,436,97,60,0,0,134,126,105,CaliforniaImperial2021
365,100,222,25,12,3,3,558,115,61,0,0,152,185,28,CaliforniaInyo2021
365,35,202,97,29,1,1,314,147,84,0,0,151,199,15,CaliforniaKern2021
365,84,230,40,10,0,1,685,109,64,0,0,119,168,78,CaliforniaKings2021
356,348,7,0,1,0,0,157,43,33,0,0,335,19,2,CaliforniaLake2021
365,9,259,70,26,1,0,281,143,79,0,13,148,199,5,CaliforniaLos Angeles2021
365,133,197,28,7,0,0,194,100,58,0,0,210,131,24,CaliforniaMadera2021
365,267,98,0,0,0,0,88,60,38,0,2,149,214,0,CaliforniaMarin2021
365,193,140,25,7,0,0,162,97,49,0,0,292,73,0,CaliforniaMariposa2021
365,210,147,6,2,0,0,185,69,46,0,0,76,289,0,CaliforniaMendocino2021
365,155,177,31,2,0,0,166,100,54,0,0,210,151,4,CaliforniaMerced2021
364,260,78,12,11,0,3,2971,84,27,0,0,0,241,123,CaliforniaMono2021
365,261,104,0,0,0,0,80,57,41,0,0,161,194,10,CaliforniaMonterey2021
140,108,32,0,0,0,0,77,56,41,1,0,74,65,0,CaliforniaNapa2021
365,183,129,34,13,4,2,326,115,50,0,0,208,157,0,CaliforniaNevada2021
365,109,238,18,0,0,0,148,87,55,0,5,124,232,4,CaliforniaOrange2021
365,130,187,30,9,6,3,692,115,58,0,0,220,144,1,CaliforniaPlacer2021
365,97,184,37,24,16,7,654,170,67,0,0,0,365,0,CaliforniaPlumas2021
365,19,210,89,44,2,1,329,158,89,0,0,191,127,47,CaliforniaRiverside2021
365,146,183,30,4,1,1,381,100,55,0,0,195,166,4,CaliforniaSacramento2021
365,295,70,0,0,0,0,100,55,41,0,0,280,79,6,CaliforniaSan Benito2021
365,17,202,73,61,11,1,486,172,87,0,7,191,155,12,CaliforniaSan Bernardino2021
365,52,297,16,0,0,0,133,90,67,0,0,163,199,3,CaliforniaSan Diego2021
365,255,110,0,0,0,0,86,60,39,0,8,162,195,0,CaliforniaSan Francisco2021
365,140,209,15,1,0,0,153,84,55,0,0,114,231,20,CaliforniaSan Joaquin2021
365,154,203,8,0,0,0,133,77,53,0,0,190,167,8,CaliforniaSan Luis Obispo2021
365,290,75,0,0,0,0,90,56,36,0,3,199,163,0,CaliforniaSan Mateo2021
365,240,124,1,0,0,0,101,60,44,0,0,180,184,1,CaliforniaSanta Barbara2021
365,147,211,7,0,0,0,147,72,53,0,0,90,275,0,CaliforniaSanta Clara2021
365,298,67,0,0,0,0,80,54,37,0,0,187,178,0,CaliforniaSanta Cruz2021
365,253,95,13,4,0,0,186,84,44,0,0,344,20,1,CaliforniaShasta2021
364,237,96,7,21,3,0,210,86,43,0,0,178,186,0,CaliforniaSiskiyou2021
365,215,147,3,0,0,0,126,66,44,0,0,172,193,0,CaliforniaSolano2021
365,283,82,0,0,0,0,89,57,37,0,0,156,203,6,CaliforniaSonoma2021
365,84,234,42,5,0,0,172,105,61,0,0,136,225,4,CaliforniaStanislaus2021
364,102,240,17,5,0,0,175,90,59,0,0,95,268,1,CaliforniaSutter2021
365,207,122,21,15,0,0,193,100,47,0,0,256,109,0,CaliforniaTehama2021
328,201,81,4,19,9,14,1217,168,38,0,0,0,328,0,CaliforniaTrinity2021
365,49,182,93,38,2,1,961,154,81,0,0,173,187,5,CaliforniaTulare2021
360,295,63,2,0,0,0,136,61,41,0,0,360,0,0,CaliforniaTuolumne2021
365,157,198,10,0,0,0,122,80,53,0,0,214,140,11,CaliforniaVentura2021
365,242,117,4,2,0,0,159,68,42,0,0,215,149,1,CaliforniaYolo2021
365,188,154,22,1,0,0,151,93,49,0,52,174,88,51,ColoradoAdams2021
120,114,5,1,0,0,0,109,35,12,0,0,0,120,0,ColoradoAlamosa2021
365,220,108,34,3,0,0,161,101,46,0,0,352,13,0,ColoradoArapahoe2021
365,269,96,0,0,0,0,93,64,45,0,0,345,0,20,ColoradoArchuleta2021
365,154,176,32,3,0,0,160,100,52,0,0,228,136,1,ColoradoBoulder2021
112,47,59,6,0,0,0,119,93,58,0,0,112,0,0,ColoradoChaffee2021
357,206,127,22,2,0,0,154,93,49,0,0,357,0,0,ColoradoClear Creek2021
365,294,69,2,0,0,0,141,59,43,0,0,319,39,7,ColoradoDelta2021
365,128,202,31,4,0,0,166,100,55,0,107,142,116,0,ColoradoDenver2021
358,195,121,34,8,0,0,177,108,48,0,0,295,63,0,ColoradoDouglas2021
365,224,113,28,0,0,0,140,93,47,0,0,333,32,0,ColoradoEl Paso2021
86,85,1,0,0,0,0,62,28,15,0,0,0,0,86,ColoradoFremont2021
365,198,156,10,1,0,0,158,87,49,0,0,357,8,0,ColoradoGarfield2021
363,250,94,18,1,0,0,151,84,46,0,0,363,0,0,ColoradoGilpin2021
21,13,7,1,0,0,0,119,71,48,0,0,21,0,0,ColoradoGrand2021
365,262,102,1,0,0,0,101,71,46,0,0,365,0,0,ColoradoGunnison2021
116,109,7,0,0,0,0,90,44,7,0,0,0,116,0,ColoradoJackson2021
365,222,88,44,11,0,0,172,115,47,0,2,363,0,0,ColoradoJefferson2021
364,239,121,4,0,0,0,140,71,47,1,0,325,38,0,ColoradoLa Plata2021
365,164,151,46,4,0,0,159,112,54,0,0,298,67,0,ColoradoLarimer2021
365,247,116,2,0,0,0,139,65,46,0,0,271,94,0,ColoradoMesa2021
365,280,83,2,0,0,0,115,64,44,0,0,364,1,0,ColoradoMontezuma2021
322,203,103,16,0,0,0,140,84,48,0,0,322,0,0,ColoradoPark2021
122,115,7,0,0,0,0,90,40,14,0,0,0,48,74,ColoradoPitkin2021
361,345,14,1,0,0,1,584,39,19,0,0,0,0,361,ColoradoProwers2021
220,203,16,1,0,0,0,138,48,23,0,0,0,83,137,ColoradoPueblo2021
365,212,148,4,1,0,0,156,77,48,0,0,251,114,0,ColoradoRio Blanco2021
354,347,7,0,0,0,0,68,31,15,0,0,0,0,354,ColoradoRoutt2021
119,114,5,0,0,0,0,79,33,9,0,0,0,119,0,ColoradoSan Juan2021
252,165,87,0,0,0,0,97,67,48,0,0,199,0,53,ColoradoSan Miguel2021
365,156,169,39,1,0,0,154,101,54,0,0,259,106,0,ColoradoWeld2021
363,225,119,13,6,0,0,185,74,46,0,9,133,221,0,ConnecticutFairfield2021
365,247,115,3,0,0,0,136,63,42,0,12,127,226,0,ConnecticutHartford2021
364,300,61,3,0,0,0,142,58,38,1,0,249,114,0,ConnecticutLitchfield2021
207,171,25,10,1,0,0,151,80,39,0,0,207,0,0,ConnecticutMiddlesex2021
365,220,131,12,2,0,0,159,69,46,0,8,138,218,1,ConnecticutNew Haven2021
363,277,79,7,0,0,0,129,60,39,0,0,135,228,0,ConnecticutNew London2021
201,170,30,1,0,0,0,101,58,39,0,0,201,0,0,ConnecticutTolland2021
361,331,29,1,0,0,0,140,48,34,0,0,361,0,0,ConnecticutWindham2021
365,14,285,41,25,0,0,187,134,69,0,0,0,365,0,Country Of MexicoBAJA CALIFORNIA NORTE2021
105,100,5,0,0,0,0,61,47,34,0,0,105,0,0,Country Of MexicoSONORA2021
360,260,98,2,0,0,0,108,58,42,0,0,183,177,0,DelawareKent2021
365,195,166,4,0,0,0,144,67,48,0,0,137,228,0,DelawareNew Castle2021
365,277,88,0,0,0,0,100,57,40,0,0,232,133,0,DelawareSussex2021
365,172,185,7,1,0,0,153,71,51,0,22,108,235,0,District Of ColumbiaDistrict of Columbia2021
364,308,56,0,0,0,0,84,52,39,0,0,129,235,0,FloridaAlachua2021
365,275,90,0,0,0,0,87,55,42,0,0,101,264,0,FloridaBaker2021
365,228,137,0,0,0,0,78,57,46,0,0,65,300,0,FloridaBay2021
365,255,110,0,0,0,0,84,58,45,0,0,121,244,0,FloridaBrevard2021
365,191,173,1,0,0,0,103,61,49,0,5,68,292,0,FloridaBroward2021
360,236,124,0,0,0,0,83,56,44,0,0,0,360,0,FloridaCitrus2021
363,278,85,0,0,0,0,81,55,42,0,0,101,262,0,FloridaCollier2021
364,236,128,0,0,0,0,77,56,44,0,0,85,279,0,FloridaColumbia2021
365,140,225,0,0,0,0,94,62,52,0,0,43,322,0,FloridaDuval2021
365,200,165,0,0,0,0,75,60,49,0,0,80,285,0,FloridaEscambia2021
353,344,9,0,0,0,0,67,44,33,0,0,353,0,0,FloridaFlagler2021
336,207,129,0,0,0,0,69,57,46,0,0,0,336,0,FloridaHamilton2021
358,344,14,0,0,0,0,93,46,33,0,0,358,0,0,FloridaHighlands2021
365,167,197,1,0,0,0,129,63,51,0,0,71,294,0,FloridaHillsborough2021
362,206,156,0,0,0,0,74,58,48,0,0,41,321,0,FloridaHolmes2021
360,345,15,0,0,0,0,74,47,36,0,0,360,0,0,FloridaIndian River2021
356,338,18,0,0,0,0,87,48,34,0,0,356,0,0,FloridaLake2021
365,299,66,0,0,0,0,97,54,41,0,0,160,201,4,FloridaLee2021
365,194,171,0,0,0,0,80,59,48,0,0,44,321,0,FloridaLeon2021
364,358,6,0,0,0,0,61,44,32,0,0,364,0,0,FloridaLiberty2021
365,355,10,0,0,0,0,93,45,32,0,0,365,0,0,FloridaManatee2021
365,257,107,1,0,0,0,101,57,42,0,0,144,221,0,FloridaMarion2021
365,251,114,0,0,0,0,88,57,44,0,0,73,292,0,FloridaMartin2021
365,230,133,2,0,0,0,135,61,46,0,7,67,291,0,FloridaMiami-Dade2021
365,359,6,0,0,0,0,61,44,33,0,0,357,0,8,FloridaOkaloosa2021
365,354,11,0,0,0,0,87,45,33,0,1,364,0,0,FloridaOrange2021
355,339,16,0,0,0,0,93,46,33,0,0,355,0,0,FloridaOsceola2021
365,263,102,0,0,0,0,83,56,43,0,0,122,243,0,FloridaPalm Beach2021
365,346,19,0,0,0,0,87,47,35,0,0,365,0,0,FloridaPasco2021
365,222,143,0,0,0,0,95,59,47,0,0,104,261,0,FloridaPinellas2021
365,232,133,0,0,0,0,84,58,45,0,0,94,271,0,FloridaPolk2021
340,340,0,0,0,0,0,46,28,16,0,0,0,0,340,FloridaPutnam2021
364,254,110,0,0,0,0,79,56,44,0,0,91,273,0,FloridaSanta Rosa2021
365,241,124,0,0,0,0,90,58,45,0,0,90,275,0,FloridaSarasota2021
365,273,92,0,0,0,0,97,55,42,0,0,135,230,0,FloridaSeminole2021
363,353,10,0,0,0,0,74,45,33,0,0,363,0,0,FloridaSt. Lucie2021
363,223,140,0,0,0,0,77,58,47,0,0,98,265,0,FloridaVolusia2021
365,284,81,0,0,0,0,81,55,41,2,0,97,266,0,FloridaWakulla2021
365,198,165,2,0,0,0,131,66,48,0,0,47,318,0,GeorgiaBibb2021
121,118,3,0,0,0,0,56,40,25,0,0,0,121,0,GeorgiaCharlton2021
363,176,186,1,0,0,0,103,63,51,0,0,31,332,0,GeorgiaChatham2021
245,238,7,0,0,0,0,80,45,33,0,0,245,0,0,GeorgiaChattooga2021
365,195,169,1,0,0,0,107,65,49,0,0,61,304,0,GeorgiaClarke2021
121,69,52,0,0,0,0,74,62,44,0,0,0,121,0,GeorgiaClayton2021
285,218,67,0,0,0,0,80,57,41,0,0,188,97,0,GeorgiaCobb2021
116,91,25,0,0,0,0,69,53,35,0,0,0,116,0,GeorgiaCoffee2021
245,239,6,0,0,0,0,67,46,33,0,0,245,0,0,GeorgiaColumbia2021
245,230,15,0,0,0,0,87,47,36,0,0,245,0,0,GeorgiaDawson2021
365,190,173,2,0,0,0,119,66,49,0,18,59,288,0,GeorgiaDeKalb2021
352,166,182,4,0,0,0,133,69,51,0,0,0,352,0,GeorgiaDougherty2021
244,215,27,2,0,0,0,101,58,38,0,0,244,0,0,GeorgiaDouglas2021
354,234,118,2,0,0,0,141,62,38,0,0,0,354,0,GeorgiaFloyd2021
365,147,214,4,0,0,0,150,71,53,0,3,44,318,0,GeorgiaFulton2021
322,267,55,0,0,0,0,80,54,38,0,0,185,137,0,GeorgiaGlynn2021
324,173,149,2,0,0,0,108,67,49,0,0,71,253,0,GeorgiaGwinnett2021
365,209,156,0,0,0,0,83,62,46,0,0,0,365,0,GeorgiaHall2021
360,259,100,1,0,0,0,112,63,39,0,0,140,220,0,GeorgiaHenry2021
359,182,173,4,0,0,0,111,65,49,0,0,0,359,0,GeorgiaHouston2021
358,213,145,0,0,0,0,86,60,46,0,0,0,358,0,GeorgiaLowndes2021
276,240,36,0,0,0,0,87,52,38,0,0,223,53,0,GeorgiaMurray2021
353,233,118,1,1,0,0,155,63,43,0,0,87,266,0,GeorgiaMuscogee2021
352,326,26,0,0,0,0,80,49,36,0,0,352,0,0,GeorgiaPike2021
364,174,183,7,0,0,0,145,70,51,0,0,76,287,1,GeorgiaRichmond2021
243,216,27,0,0,0,0,93,54,39,0,0,243,0,0,GeorgiaRockdale2021
245,228,17,0,0,0,0,74,49,35,0,0,245,0,0,GeorgiaSumter2021
233,93,139,1,0,0,0,110,68,53,0,0,0,233,0,GeorgiaWalker2021
365,178,184,3,0,0,0,111,69,51,0,0,0,365,0,GeorgiaWashington2021
365,336,29,0,0,0,0,65,48,27,0,0,0,365,0,HawaiiHawaii2021
365,364,1,0,0,0,0,58,39,28,1,2,267,88,7,HawaiiHonolulu2021
364,364,0,0,0,0,0,47,29,17,0,35,0,329,0,HawaiiKauai2021
363,361,2,0,0,0,0,63,31,21,0,0,0,363,0,HawaiiMaui2021
365,223,124,15,3,0,0,173,79,46,0,7,207,150,1,IdahoAda2021
365,245,112,7,1,0,0,155,76,44,0,0,96,195,74,IdahoBannock2021
364,182,168,7,7,0,0,197,74,51,0,0,0,364,0,IdahoBenewah2021
350,288,52,10,0,0,0,144,66,23,0,0,0,350,0,IdahoBlaine2021
365,186,167,10,2,0,0,161,72,49,0,0,0,365,0,IdahoBoise2021
364,260,94,4,4,2,0,203,63,37,0,0,0,319,45,IdahoBonner2021
356,275,72,9,0,0,0,144,67,31,0,0,0,356,0,IdahoBonneville2021
363,289,71,3,0,0,0,128,67,42,0,0,350,13,0,IdahoButte2021
365,209,147,5,4,0,0,172,71,46,0,0,0,347,18,IdahoCanyon2021
110,93,17,0,0,0,0,99,57,8,0,0,0,110,0,IdahoCuster2021
365,285,74,6,0,0,0,119,66,28,0,0,0,365,0,IdahoFranklin2021
365,237,112,9,7,0,0,188,77,42,0,0,186,179,0,IdahoIdaho2021
357,268,81,3,5,0,0,195,60,31,0,0,0,357,0,IdahoKootenai2021
360,309,41,5,5,0,0,195,57,20,0,0,0,360,0,IdahoLatah2021
365,188,157,16,4,0,0,172,83,47,0,0,0,365,0,IdahoLemhi2021
365,251,96,15,2,1,0,204,77,34,0,0,0,365,0,IdahoNez Perce2021
363,186,162,9,6,0,0,179,75,49,0,0,0,362,1,IdahoShoshone2021
361,298,56,7,0,0,0,144,61,28,0,0,0,361,0,IdahoTwin Falls2021
351,217,125,7,2,0,0,162,72,41,0,0,0,351,0,IdahoValley2021
242,219,23,0,0,0,0,93,50,40,0,0,242,0,0,IllinoisAdams2021
365,236,129,0,0,0,0,99,63,44,0,0,143,222,0,IllinoisChampaign2021
363,344,19,0,0,0,0,84,46,34,0,0,363,0,0,IllinoisClark2021
365,87,257,20,1,0,0,156,89,59,0,7,78,255,25,IllinoisCook2021
365,179,184,2,0,0,0,105,69,51,0,0,100,265,0,IllinoisDuPage2021
237,226,11,0,0,0,0,77,46,37,0,0,237,0,0,IllinoisEffingham2021
364,207,155,2,0,0,0,115,63,48,0,0,83,281,0,IllinoisHamilton2021
360,225,133,2,0,0,0,112,61,45,0,0,120,240,0,IllinoisJersey2021
362,336,26,0,0,0,0,97,47,36,0,0,362,0,0,IllinoisJo Daviess2021
285,188,96,1,0,0,0,112,67,44,0,0,189,96,0,IllinoisKane2021
244,180,55,9,0,0,0,136,77,42,0,0,244,0,0,IllinoisLake2021
361,179,179,3,0,0,0,112,67,51,0,0,92,269,0,IllinoisMacon2021
358,339,19,0,0,0,0,93,48,31,0,131,227,0,0,IllinoisMacoupin2021
365,82,277,6,0,0,0,143,74,57,0,0,65,300,0,IllinoisMadison2021
363,187,174,2,0,0,0,105,68,49,0,0,115,248,0,IllinoisMcHenry2021
365,191,173,1,0,0,0,107,63,48,0,0,89,276,0,IllinoisMcLean2021
361,181,179,1,0,0,0,101,65,50,0,0,92,269,0,IllinoisPeoria2021
355,223,131,1,0,0,0,122,61,45,0,0,119,236,0,IllinoisRandolph2021
361,191,167,3,0,0,0,112,66,49,0,0,95,266,0,IllinoisRock Island2021
365,141,221,2,1,0,0,185,68,53,0,2,63,300,0,IllinoisSaint Clair2021
362,233,129,0,0,0,0,98,62,43,0,0,100,262,0,IllinoisSangamon2021
365,157,206,2,0,0,0,105,67,52,0,0,83,282,0,IllinoisWill2021
360,190,170,0,0,0,0,100,68,49,0,0,114,246,0,IllinoisWinnebago2021
365,257,108,0,0,0,0,100,63,40,0,0,226,139,0,IndianaAllen2021
364,252,112,0,0,0,0,93,61,43,0,0,163,201,0,IndianaBartholomew2021
365,337,27,1,0,0,0,101,48,33,0,0,365,0,0,IndianaBoone2021
361,341,20,0,0,0,0,84,46,33,0,0,361,0,0,IndianaBrown2021
365,338,26,1,0,0,0,105,48,34,0,0,365,0,0,IndianaCarroll2021
365,160,205,0,0,0,0,96,71,52,0,0,59,306,0,IndianaClark2021
362,299,63,0,0,0,0,97,57,37,0,0,293,69,0,IndianaDelaware2021
125,77,48,0,0,0,0,94,64,43,0,0,0,119,6,IndianaDubois2021
365,214,151,0,0,0,0,87,62,45,0,0,139,226,0,IndianaElkhart2021
363,340,23,0,0,0,0,100,48,34,0,0,363,0,0,IndianaFloyd2021
356,288,68,0,0,0,0,100,57,38,0,0,287,69,0,IndianaGreene2021
365,232,133,0,0,0,0,100,66,44,0,0,155,210,0,IndianaHamilton2021
365,347,18,0,0,0,0,80,46,33,0,0,365,0,0,IndianaHendricks2021
117,78,39,0,0,0,0,82,62,38,0,0,0,117,0,IndianaHenry2021
361,227,132,2,0,0,0,105,62,44,0,0,164,197,0,IndianaHoward2021
360,320,38,2,0,0,0,108,51,36,0,0,360,0,0,IndianaKnox2021
365,282,78,5,0,0,0,143,64,37,0,0,309,56,0,IndianaLaPorte2021
365,134,225,5,1,0,0,175,72,54,0,2,53,308,2,IndianaLake2021
364,199,165,0,0,0,0,97,67,48,0,0,124,240,0,IndianaMadison2021
365,81,278,6,0,0,0,114,81,58,0,2,31,332,0,IndianaMarion2021
352,223,129,0,0,0,0,95,61,43,0,0,0,352,0,IndianaMonroe2021
363,334,29,0,0,0,0,97,50,36,0,0,363,0,0,IndianaPerry2021
365,204,154,7,0,0,0,136,68,47,0,0,149,205,11,IndianaPorter2021
360,344,16,0,0,0,0,77,45,32,0,0,360,0,0,IndianaPosey2021
365,345,20,0,0,0,0,100,46,33,0,0,365,0,0,IndianaShelby2021
120,78,42,0,0,0,0,89,62,42,0,0,0,120,0,IndianaSpencer2021
365,169,195,1,0,0,0,105,71,52,0,0,96,269,0,IndianaSt. Joseph2021
349,213,136,0,0,0,0,97,62,44,0,0,0,349,0,IndianaTippecanoe2021
365,176,188,1,0,0,0,109,68,51,0,0,76,289,0,IndianaVanderburgh2021
365,172,193,0,0,0,0,99,67,51,0,0,100,265,0,IndianaVigo2021
362,327,34,1,0,0,0,101,50,35,0,0,362,0,0,IndianaWabash2021
365,337,27,1,0,0,0,105,48,35,0,0,365,0,0,IndianaWarrick2021
361,203,158,0,0,0,0,96,64,47,0,0,0,361,0,IndianaWhitley2021
365,211,154,0,0,0,0,96,63,47,0,0,0,365,0,IowaBlack Hawk2021
244,223,21,0,0,0,0,90,49,40,0,0,244,0,0,IowaBremer2021
120,118,2,0,0,0,0,56,31,19,0,0,0,0,120,IowaCerro Gordo2021
365,134,229,2,0,0,0,112,70,55,0,0,62,303,0,IowaClinton2021
243,216,27,0,0,0,0,87,54,39,0,0,243,0,0,IowaHarrison2021
364,172,190,2,0,0,0,121,67,52,0,0,0,364,0,IowaJohnson2021
101,63,38,0,0,0,0,73,63,42,0,0,0,101,0,IowaLee2021
365,160,201,4,0,0,0,123,69,52,0,0,75,290,0,IowaLinn2021
351,250,100,1,0,0,0,112,58,42,0,0,109,242,0,IowaMontgomery2021
365,211,154,0,0,0,0,90,63,45,0,0,0,363,2,IowaMuscatine2021
362,250,108,2,2,0,0,167,64,43,0,0,136,226,0,IowaPalo Alto2021
365,227,137,1,0,0,0,110,64,45,0,7,115,243,0,IowaPolk2021
124,83,40,1,0,0,0,117,62,44,0,0,0,123,1,IowaPottawattamie2021
365,145,219,1,0,0,0,102,70,53,0,0,73,241,51,IowaScott2021
362,223,139,0,0,0,0,94,60,44,0,0,88,274,0,IowaVan Buren2021
115,79,35,0,1,0,0,168,63,42,0,0,0,115,0,IowaWoodbury2021
120,102,18,0,0,0,0,99,52,27,0,0,0,120,0,KansasChase2021
358,353,5,0,0,0,0,80,32,17,0,0,0,0,358,KansasFord2021
364,207,153,4,0,0,0,138,65,46,0,0,117,247,0,KansasJohnson2021
348,330,16,2,0,0,0,126,47,34,0,0,348,0,0,KansasLeavenworth2021
362,171,189,2,0,0,0,145,66,51,0,0,78,277,7,KansasNeosho2021
365,224,136,5,0,0,0,141,66,46,0,6,188,163,8,KansasSedgwick2021
365,189,173,2,1,0,0,151,65,49,0,0,86,279,0,KansasShawnee2021
320,308,11,0,0,1,0,221,38,17,0,0,0,0,320,KansasSherman2021
365,167,194,4,0,0,0,147,68,52,0,0,94,266,5,KansasSumner2021
362,248,108,5,0,0,1,318,66,43,0,2,235,117,8,KansasTrego2021
365,154,204,7,0,0,0,145,69,53,0,0,78,287,0,KansasWyandotte2021
364,164,198,2,0,0,0,112,68,52,0,0,47,317,0,KentuckyBell2021
244,225,19,0,0,0,0,90,49,39,0,0,244,0,0,KentuckyBoone2021
360,231,128,1,0,0,0,102,61,44,0,8,70,282,0,KentuckyBoyd2021
237,212,24,1,0,0,0,143,51,37,0,0,237,0,0,KentuckyBullitt2021
362,230,131,1,0,0,0,101,64,44,0,2,94,266,0,KentuckyCampbell2021
279,252,27,0,0,0,0,86,50,35,0,0,200,77,2,KentuckyCarter2021
365,190,175,0,0,0,0,99,67,49,0,0,66,299,0,KentuckyChristian2021
363,200,163,0,0,0,0,99,68,48,0,0,88,275,0,KentuckyDaviess2021
364,327,37,0,0,0,0,74,51,36,3,0,326,35,0,KentuckyEdmonson2021
363,214,148,1,0,0,0,108,66,47,0,16,66,280,1,KentuckyFayette2021
231,227,4,0,0,0,0,54,46,34,0,0,231,0,0,KentuckyGreenup2021
241,220,21,0,0,0,0,90,49,38,0,0,241,0,0,KentuckyHancock2021
364,238,125,1,0,0,0,101,62,43,0,0,117,247,0,KentuckyHardin2021
365,138,221,6,0,0,0,126,74,54,0,0,68,297,0,KentuckyJefferson2021
227,211,15,1,0,0,0,101,49,38,0,0,227,0,0,KentuckyJessamine2021
243,225,18,0,0,0,0,93,48,39,0,0,243,0,0,KentuckyLivingston2021
363,221,140,2,0,0,0,109,64,44,0,21,93,247,2,KentuckyMcCracken2021
352,338,14,0,0,0,0,71,47,35,0,0,352,0,0,KentuckyMorgan2021
244,216,27,1,0,0,0,105,54,39,0,0,244,0,0,KentuckyOldham2021
365,247,118,0,0,0,0,93,60,44,0,0,71,294,0,KentuckyPerry2021
365,273,91,0,1,0,0,164,57,41,0,0,92,273,0,KentuckyPike2021
361,229,131,1,0,0,0,101,62,45,0,0,74,287,0,KentuckyPulaski2021
243,222,21,0,0,0,0,90,50,37,0,0,243,0,0,KentuckySimpson2021
345,330,15,0,0,0,0,74,48,35,0,0,345,0,0,KentuckyTrigg2021
363,218,143,2,0,0,0,117,65,45,0,0,78,285,0,KentuckyWarren2021
362,342,20,0,0,0,0,87,47,36,0,0,362,0,0,KentuckyWashington2021
356,338,16,1,1,0,0,159,45,31,0,10,346,0,0,LouisianaAscension2021
365,172,193,0,0,0,0,88,64,51,0,0,61,297,7,LouisianaBossier2021
362,289,73,0,0,0,0,93,56,37,0,0,268,94,0,LouisianaCaddo2021
365,171,193,0,1,0,0,156,65,51,0,2,78,285,0,LouisianaCalcasieu2021
365,217,145,2,1,0,0,159,61,47,0,1,85,279,0,LouisianaEast Baton Rouge2021
365,299,63,3,0,0,0,129,58,39,0,0,307,58,0,LouisianaIberville2021
355,277,76,2,0,0,0,105,55,40,0,1,163,191,0,LouisianaJefferson2021
365,243,122,0,0,0,0,87,60,42,0,0,145,219,1,LouisianaLafayette2021
347,204,143,0,0,0,0,84,60,45,0,0,112,235,0,LouisianaLafourche2021
348,186,161,1,0,0,0,133,62,48,0,6,83,259,0,LouisianaLivingston2021
357,308,49,0,0,0,0,69,53,33,2,57,0,296,2,LouisianaOrleans2021
349,318,31,0,0,0,0,87,50,35,0,0,277,72,0,LouisianaOuachita2021
365,353,12,0,0,0,0,100,44,32,0,0,365,0,0,LouisianaPointe Coupee2021
122,96,26,0,0,0,0,66,55,38,0,0,0,122,0,LouisianaRapides2021
359,206,153,0,0,0,0,80,61,47,0,0,117,242,0,LouisianaSt. Bernard2021
330,326,4,0,0,0,0,58,41,28,0,0,330,0,0,LouisianaSt. James2021
336,327,8,1,0,0,0,108,45,31,0,0,336,0,0,LouisianaSt. John the Baptist2021
360,347,13,0,0,0,0,87,47,34,0,0,360,0,0,LouisianaSt. Martin2021
352,288,64,0,0,0,0,71,54,37,0,0,152,200,0,LouisianaSt. Tammany2021
110,81,29,0,0,0,0,65,58,39,0,0,0,110,0,LouisianaTangipahoa2021
110,89,21,0,0,0,0,64,56,34,0,0,0,110,0,LouisianaTerrebonne2021
365,220,142,3,0,0,0,150,59,46,0,1,92,272,0,LouisianaWest Baton Rouge2021
356,303,53,0,0,0,0,95,53,36,0,0,113,239,4,MaineAndroscoggin2021
365,305,58,1,1,0,0,182,54,35,0,0,198,158,9,MaineAroostook2021
365,319,43,3,0,0,0,129,54,36,0,5,260,97,3,MaineCumberland2021
365,324,38,3,0,0,0,133,52,36,1,0,332,32,0,MaineHancock2021
244,226,17,1,0,0,0,125,47,33,0,0,205,37,2,MaineKennebec2021
211,192,17,2,0,0,0,119,50,35,0,0,211,0,0,MaineKnox2021
360,308,51,1,0,0,0,113,52,35,0,0,170,190,0,MaineOxford2021
362,326,36,0,0,0,0,100,50,33,0,0,194,166,2,MainePenobscot2021
360,348,12,0,0,0,0,90,44,33,0,0,344,16,0,MaineWashington2021
240,217,20,3,0,0,0,129,50,37,0,0,240,0,0,MaineYork2021
262,222,39,1,0,0,0,101,64,38,0,0,240,0,22,MarylandAnne Arundel2021
365,207,148,10,0,0,0,140,71,47,0,10,178,177,0,MarylandBaltimore2021
364,243,121,0,0,0,0,93,61,43,0,35,99,230,0,MarylandBaltimore (City)2021
223,205,17,1,0,0,0,105,49,39,0,0,223,0,0,MarylandCalvert2021
243,208,34,1,0,0,0,112,54,41,0,0,243,0,0,MarylandCarroll2021
358,235,119,4,0,0,0,118,65,44,0,0,158,200,0,MarylandCecil2021
242,215,26,1,0,0,0,105,51,38,0,0,242,0,0,MarylandCharles2021
365,287,77,1,0,0,0,105,58,41,0,0,254,111,0,MarylandDorchester2021
244,207,36,1,0,0,0,126,58,41,0,0,244,0,0,MarylandFrederick2021
365,312,53,0,0,0,0,92,54,39,0,0,266,99,0,MarylandGarrett2021
357,219,129,9,0,0,0,122,71,46,0,0,174,183,0,MarylandHarford2021
365,284,81,0,0,0,0,83,55,36,0,109,0,256,0,MarylandHoward2021
357,284,72,1,0,0,0,108,56,40,0,0,208,149,0,MarylandKent2021
361,251,107,3,0,0,0,119,61,42,0,0,193,168,0,MarylandMontgomery2021
365,287,73,5,0,0,0,129,64,41,0,6,290,69,0,MarylandPrince George's2021
360,244,115,1,0,0,0,115,65,44,0,0,155,205,0,MarylandWashington2021
359,331,25,3,0,0,0,126,49,36,0,0,346,13,0,MassachusettsBarnstable2021
365,230,134,1,0,0,0,103,60,44,0,0,72,293,0,MassachusettsBerkshire2021
365,279,84,2,0,0,0,147,56,39,0,0,230,135,0,MassachusettsBristol2021
356,329,27,0,0,0,0,100,49,36,0,0,337,19,0,MassachusettsDukes2021
365,285,79,1,0,0,0,129,56,38,0,0,184,181,0,MassachusettsEssex2021
365,228,137,0,0,0,0,99,60,44,0,0,101,264,0,MassachusettsFranklin2021
365,215,148,2,0,0,0,116,63,46,0,4,83,278,0,MassachusettsHampden2021
352,307,45,0,0,0,0,96,52,35,0,0,204,147,1,MassachusettsHampshire2021
365,299,64,1,1,0,0,153,55,37,0,10,157,198,0,MassachusettsMiddlesex2021
365,280,82,3,0,0,0,133,57,37,0,0,185,180,0,MassachusettsNorfolk2021
365,257,106,2,0,0,0,112,58,39,0,0,147,218,0,MassachusettsPlymouth2021
365,237,125,3,0,0,0,145,61,44,0,11,65,289,0,MassachusettsSuffolk2021
365,218,144,3,0,0,0,125,59,45,0,3,97,265,0,MassachusettsWorcester2021
361,245,107,9,0,0,0,136,64,42,0,0,176,185,0,MichiganAllegan2021
363,290,73,0,0,0,0,86,56,28,0,0,0,363,0,MichiganBay2021
251,222,29,0,0,0,0,100,51,36,0,0,251,0,0,MichiganBenzie2021
250,209,38,3,0,0,0,129,67,40,0,0,250,0,0,MichiganBerrien2021
265,235,29,1,0,0,0,112,54,40,0,0,265,0,0,MichiganCass2021
239,217,22,0,0,0,0,100,50,37,0,0,239,0,0,MichiganClinton2021
365,247,115,3,0,0,0,119,61,41,0,0,165,200,0,MichiganGenesee2021
246,221,23,2,0,0,0,101,51,37,0,0,246,0,0,MichiganHuron2021
363,204,159,0,0,0,0,97,68,46,0,1,105,257,0,MichiganIngham2021
349,177,172,0,0,0,0,100,70,50,0,0,72,277,0,MichiganKalamazoo2021
365,189,173,3,0,0,0,143,71,49,0,5,123,237,0,MichiganKent2021
117,109,8,0,0,0,0,67,41,14,0,0,0,117,0,MichiganKeweenaw2021
322,188,134,0,0,0,0,93,64,46,0,0,112,210,0,MichiganLenawee2021
365,180,182,3,0,0,0,115,71,51,0,0,114,251,0,MichiganMacomb2021
269,218,48,3,0,0,0,115,58,38,0,0,241,28,0,MichiganManistee2021
243,206,34,3,0,0,0,115,54,38,0,0,243,0,0,MichiganMason2021
355,216,139,0,0,0,0,90,62,45,0,0,85,270,0,MichiganMissaukee2021
61,57,4,0,0,0,0,77,45,19,0,0,0,0,61,MichiganMonroe2021
265,209,48,8,0,0,0,129,71,40,0,0,265,0,0,MichiganMuskegon2021
296,227,68,1,0,0,0,101,64,39,0,0,233,63,0,MichiganOakland2021
365,186,175,4,0,0,0,108,71,49,0,0,101,264,0,MichiganOttawa2021
360,269,88,3,0,0,0,112,58,37,0,0,175,185,0,MichiganSchoolcraft2021
365,198,160,7,0,0,0,140,71,48,0,0,118,247,0,MichiganSt. Clair2021
353,327,25,1,0,0,0,101,48,34,0,0,353,0,0,MichiganTuscola2021
365,212,153,0,0,0,0,100,65,46,0,0,150,215,0,MichiganWashtenaw2021
365,86,275,4,0,0,0,118,84,58,0,5,33,319,8,MichiganWayne2021
360,334,25,1,0,0,0,105,47,34,0,0,360,0,0,MichiganWexford2021
365,258,100,5,2,0,0,162,68,41,0,6,217,141,1,MinnesotaAnoka2021
357,147,199,6,4,1,0,208,72,52,0,0,28,329,0,MinnesotaBecker2021
341,281,51,5,2,2,0,283,61,29,0,0,0,341,0,MinnesotaBeltrami2021
365,318,43,4,0,0,0,143,54,31,0,0,191,174,0,MinnesotaCarlton2021
352,103,237,7,4,1,0,275,69,54,0,0,0,352,0,MinnesotaCass2021
328,306,18,3,1,0,0,153,36,9,0,0,0,328,0,MinnesotaCook2021
357,289,63,2,2,1,0,246,61,36,0,0,179,178,0,MinnesotaCrow Wing2021
365,252,110,1,2,0,0,157,63,39,0,16,0,349,0,MinnesotaDakota2021
216,193,23,0,0,0,0,90,58,39,0,0,216,0,0,MinnesotaGoodhue2021
365,213,149,0,3,0,0,157,66,45,0,18,92,219,36,MinnesotaHennepin2021
362,315,43,3,1,0,0,160,54,31,0,0,183,179,0,MinnesotaLake2021
359,263,91,3,2,0,0,187,64,39,0,0,159,200,0,MinnesotaLyon2021
245,232,13,0,0,0,0,71,47,36,0,0,245,0,0,MinnesotaMille Lacs2021
361,275,84,2,0,0,0,125,61,39,0,0,201,160,0,MinnesotaOlmsted2021
365,252,110,3,0,0,0,148,65,39,0,0,0,344,21,MinnesotaRamsey2021
365,283,72,8,2,0,0,159,64,37,0,2,219,133,11,MinnesotaSaint Louis2021
351,263,88,0,0,0,0,98,61,39,0,0,209,142,0,MinnesotaScott2021
362,261,95,3,2,1,0,252,68,40,0,0,132,230,0,MinnesotaStearns2021
227,205,21,1,0,0,0,119,49,35,0,0,227,0,0,MinnesotaWashington2021
116,101,15,0,0,0,0,80,52,24,0,0,0,116,0,MinnesotaWinona2021
357,233,119,3,2,0,0,193,71,43,0,0,148,209,0,MinnesotaWright2021
360,236,124,0,0,0,0,90,60,44,0,0,94,266,0,MississippiBolivar2021
364,228,135,1,0,0,0,136,62,46,0,0,85,279,0,MississippiDeSoto2021
363,178,185,0,0,0,0,93,60,51,0,0,0,363,0,MississippiForrest2021
360,225,135,0,0,0,0,97,60,45,0,0,62,298,0,MississippiHancock2021
359,221,138,0,0,0,0,87,58,45,0,0,61,298,0,MississippiHarrison2021
365,144,221,0,0,0,0,88,64,52,0,0,30,335,0,MississippiHinds2021
359,242,117,0,0,0,0,84,57,44,0,0,108,251,0,MississippiJackson2021
245,244,1,0,0,0,0,54,42,31,0,0,245,0,0,MississippiLauderdale2021
242,232,10,0,0,0,0,64,46,36,0,0,242,0,0,MississippiLee2021
359,354,5,0,0,0,0,61,44,31,0,0,359,0,0,MississippiYalobusha2021
245,225,20,0,0,0,0,90,50,39,0,0,245,0,0,MissouriAndrew2021
245,233,12,0,0,0,0,77,47,37,0,0,245,0,0,MissouriBoone2021
365,235,127,3,0,0,0,109,59,44,0,0,0,310,55,MissouriBuchanan2021
245,229,16,0,0,0,0,80,47,39,0,0,245,0,0,MissouriCallaway2021
365,267,97,1,0,0,0,108,59,42,0,0,156,209,0,MissouriCass2021
350,242,108,0,0,0,0,88,58,42,0,0,148,202,0,MissouriCedar2021
350,270,76,4,0,0,0,129,64,41,0,0,206,144,0,MissouriClay2021
245,221,24,0,0,0,0,97,50,38,0,0,245,0,0,MissouriClinton2021
365,300,65,0,0,0,0,84,55,38,0,0,188,135,42,MissouriGreene2021
365,132,228,5,0,0,0,147,68,53,0,5,0,319,41,MissouriJackson2021
360,298,62,0,0,0,0,93,58,38,0,0,218,0,142,MissouriJasper2021
365,244,116,4,1,0,0,164,62,44,0,0,145,210,10,MissouriJefferson2021
244,225,19,0,0,0,0,93,49,39,0,0,244,0,0,MissouriLincoln2021
365,359,6,0,0,0,0,71,44,32,0,0,363,0,2,MissouriMonroe2021
244,213,29,2,0,0,0,122,51,39,0,0,244,0,0,MissouriPerry2021
245,209,34,2,0,0,0,119,54,41,0,0,245,0,0,MissouriSaint Charles2021
365,251,111,3,0,0,0,126,61,42,0,20,153,192,0,MissouriSaint Louis2021
245,227,18,0,0,0,0,100,48,39,0,0,245,0,0,MissouriSainte Genevieve2021
365,114,244,6,1,0,0,187,71,55,0,1,50,305,9,MissouriSt. Louis City2021
109,84,25,0,0,0,0,74,56,30,0,0,0,109,0,MissouriStoddard2021
118,102,16,0,0,0,0,86,53,27,0,0,0,118,0,MissouriTaney2021
365,296,58,9,2,0,0,160,62,27,0,0,0,365,0,MontanaCascade2021
365,288,62,14,1,0,0,156,77,41,0,0,296,68,1,MontanaFergus2021
365,268,88,8,1,0,0,155,66,39,0,0,181,144,40,MontanaFlathead2021
365,243,107,14,1,0,0,158,78,41,2,5,0,358,0,MontanaGallatin2021
117,105,9,2,1,0,0,152,57,9,0,0,0,117,0,MontanaLake2021
365,249,99,14,3,0,0,156,77,44,0,0,218,147,0,MontanaLewis and Clark2021
365,125,223,11,6,0,0,177,79,56,0,0,0,362,3,MontanaLincoln2021
365,122,213,24,6,0,0,162,94,56,0,0,63,302,0,MontanaMissoula2021
361,292,64,5,0,0,0,146,66,36,0,0,260,96,5,MontanaPhillips2021
358,230,113,11,4,0,0,169,80,42,0,1,202,134,21,MontanaPowder River2021
117,101,13,3,0,0,0,133,63,12,0,0,0,117,0,MontanaPowell2021
358,268,67,18,5,0,0,159,76,28,0,0,0,358,0,MontanaRavalli2021
351,284,63,4,0,0,0,147,71,38,0,0,273,75,3,MontanaRichland2021
100,89,11,0,0,0,0,99,56,16,0,0,0,100,0,MontanaRoosevelt2021
363,266,83,12,2,0,0,155,74,38,0,6,171,113,73,MontanaRosebud2021
356,232,104,8,11,1,0,207,84,42,0,0,0,350,6,MontanaSanders2021
120,108,12,0,0,0,0,98,52,17,0,0,0,120,0,MontanaSheridan2021
365,256,89,14,6,0,0,163,80,33,0,0,0,325,40,MontanaSilver Bow2021
340,212,118,9,1,0,0,167,70,40,0,0,0,340,0,MontanaYellowstone2021
351,345,6,0,0,0,0,64,37,19,0,0,0,0,351,NebraskaCass2021
365,244,116,5,0,0,0,150,64,43,0,0,165,189,11,NebraskaDouglas2021
184,49,134,1,0,0,0,115,66,55,0,0,0,184,0,NebraskaGage2021
357,268,87,2,0,0,0,134,58,34,0,0,0,357,0,NebraskaHall2021
358,317,36,5,0,0,0,112,54,37,0,0,358,0,0,NebraskaKnox2021
276,246,30,0,0,0,0,84,53,37,0,0,201,75,0,NebraskaLancaster2021
336,226,108,2,0,0,0,120,61,41,0,0,0,336,0,NebraskaSarpy2021
332,294,38,0,0,0,0,82,53,21,0,0,0,332,0,NebraskaScotts Bluff2021
117,111,6,0,0,0,0,84,44,19,0,0,0,117,0,NebraskaThomas2021
109,83,25,1,0,0,0,125,59,37,0,0,0,109,0,NebraskaWashington2021
365,273,64,9,12,6,1,304,84,42,0,0,266,99,0,NevadaCarson City2021
362,271,81,9,1,0,0,159,74,44,0,0,362,0,0,NevadaChurchill2021
365,87,244,31,3,0,0,183,100,62,0,1,214,133,17,NevadaClark2021
365,279,53,7,20,6,0,279,91,24,0,0,0,365,0,NevadaDouglas2021
365,282,73,9,1,0,0,156,71,42,0,0,186,13,166,NevadaElko2021
270,196,67,7,0,0,0,133,74,41,0,0,270,0,0,NevadaLyon2021
365,336,28,1,0,0,0,105,44,23,0,0,0,0,365,NevadaNye2021
365,174,156,16,10,8,1,333,95,51,0,1,240,120,4,NevadaWashoe2021
364,280,82,2,0,0,0,133,61,44,0,0,356,8,0,NevadaWhite Pine2021
365,340,24,1,0,0,0,110,47,31,0,0,160,205,0,New HampshireBelknap2021
364,263,100,1,0,0,0,127,59,40,0,0,127,237,0,New HampshireCheshire2021
360,325,33,2,0,0,0,133,50,42,0,0,355,5,0,New HampshireCoos2021
365,313,51,1,0,0,0,106,53,36,0,0,201,164,0,New HampshireGrafton2021
365,328,35,2,0,0,0,144,51,37,0,0,317,48,0,New HampshireHillsborough2021
214,200,13,1,0,0,0,101,47,36,0,0,214,0,0,New HampshireMerrimack2021
365,285,76,4,0,0,0,147,58,40,0,0,199,165,1,New HampshireRockingham2021
362,290,72,0,0,0,0,96,56,37,0,0,202,160,0,New JerseyAtlantic2021
365,230,126,9,0,0,0,147,65,43,0,54,104,207,0,New JerseyBergen2021
365,188,173,4,0,0,0,120,67,49,0,9,138,218,0,New JerseyCamden2021
364,291,71,2,0,0,0,112,55,39,0,4,231,129,0,New JerseyCumberland2021
365,214,148,3,0,0,0,125,63,46,0,26,97,242,0,New JerseyEssex2021
297,238,57,2,0,0,0,101,59,40,0,0,226,71,0,New JerseyGloucester2021
365,216,146,3,0,0,0,126,64,44,0,46,98,221,0,New JerseyHudson2021
364,249,115,0,0,0,0,97,61,43,0,0,159,205,0,New JerseyHunterdon2021
365,193,165,7,0,0,0,130,67,48,0,0,139,226,0,New JerseyMercer2021
364,233,126,5,0,0,0,129,64,44,0,4,142,218,0,New JerseyMiddlesex2021
255,227,24,3,1,0,0,154,54,36,0,0,255,0,0,New JerseyMonmouth2021
363,327,36,0,0,0,0,97,49,36,0,8,317,38,0,New JerseyMorris2021
357,253,100,4,0,0,0,126,60,42,0,0,154,203,0,New JerseyOcean2021
261,243,18,0,0,0,0,80,48,37,0,0,261,0,0,New JerseyPassaic2021
365,157,207,1,0,0,0,139,66,52,0,34,0,331,0,New JerseyUnion2021
358,237,120,1,0,0,0,136,61,42,0,12,112,234,0,New JerseyWarren2021
365,60,284,19,2,0,0,171,92,63,0,0,147,118,100,New MexicoBernalillo2021
112,103,9,0,0,0,0,89,41,14,0,0,0,112,0,New MexicoCatron2021
121,110,11,0,0,0,0,74,48,24,0,0,0,121,0,New MexicoChaves2021
365,126,208,20,8,1,2,683,94,56,0,7,196,63,99,New MexicoDona Ana2021
365,219,120,25,1,0,0,166,93,47,0,2,357,6,0,New MexicoEddy2021
365,257,105,2,1,0,0,151,64,44,0,2,264,99,0,New MexicoLea2021
120,117,3,0,0,0,0,58,35,15,0,0,0,120,0,New MexicoLincoln2021
119,115,3,1,0,0,0,109,34,14,0,0,0,119,0,New MexicoLos Alamos2021
362,339,20,2,0,0,1,462,40,19,0,0,0,0,362,New MexicoLuna2021
363,276,86,1,0,0,0,143,64,44,0,0,360,3,0,New MexicoRio Arriba2021
365,237,120,8,0,0,0,126,77,46,0,1,360,0,4,New MexicoSan Juan2021
357,271,83,3,0,0,0,119,67,44,0,0,357,0,0,New MexicoSandoval2021
364,275,87,2,0,0,0,113,64,44,0,0,324,40,0,New MexicoSanta Fe2021
118,114,4,0,0,0,0,61,37,17,0,0,0,118,0,New MexicoSocorro2021
323,290,32,1,0,0,0,108,51,28,0,0,0,323,0,New MexicoTaos2021
356,295,59,2,0,0,0,136,58,43,0,0,356,0,0,New MexicoValencia2021
365,254,109,2,0,0,0,118,60,39,0,0,147,218,0,New YorkAlbany2021
365,214,143,7,1,0,0,156,68,47,0,17,109,239,0,New YorkBronx2021
361,300,60,1,0,0,0,105,57,38,0,0,318,43,0,New YorkChautauqua2021
341,323,17,1,0,0,0,129,46,34,0,0,341,0,0,New YorkDutchess2021
365,225,139,1,0,0,0,101,64,46,0,3,104,258,0,New YorkErie2021
365,310,54,1,0,0,0,101,58,40,0,0,337,28,0,New YorkEssex2021
358,343,15,0,0,0,0,100,44,33,0,0,358,0,0,New YorkHamilton2021
351,332,19,0,0,0,0,97,46,32,0,0,351,0,0,New YorkJefferson2021
365,233,131,0,1,0,0,154,61,42,0,0,0,365,0,New YorkKings2021
365,239,126,0,0,0,0,100,61,43,0,0,131,234,0,New YorkMonroe2021
360,291,68,1,0,0,0,118,54,32,0,0,0,360,0,New YorkNassau2021
365,245,113,6,1,0,0,155,63,43,0,0,148,217,0,New YorkNew York2021
357,330,26,1,0,0,0,108,48,34,0,0,357,0,0,New YorkNiagara2021
347,311,35,1,0,0,0,107,51,25,0,0,0,347,0,New YorkOneida2021
365,279,85,1,0,0,0,113,58,39,0,0,187,178,0,New YorkOnondaga2021
364,294,69,1,0,0,0,149,56,37,0,0,207,157,0,New YorkOrange2021
360,337,23,0,0,0,0,97,46,34,0,0,360,0,0,New YorkOswego2021
353,334,18,1,0,0,0,112,47,35,0,0,353,0,0,New YorkPutnam2021
365,215,141,8,1,0,0,154,67,47,0,13,112,240,0,New YorkQueens2021
364,264,94,6,0,0,0,149,61,42,0,0,159,205,0,New YorkRichmond2021
362,314,47,0,1,0,0,155,53,37,0,0,240,122,0,New YorkRockland2021
354,339,15,0,0,0,0,93,45,31,0,0,354,0,0,New YorkSaratoga2021
365,285,79,1,0,0,0,124,59,38,0,0,187,178,0,New YorkSteuben2021
365,281,73,10,1,0,0,154,58,42,0,0,247,118,0,New YorkSuffolk2021
360,334,25,1,0,0,0,105,48,35,0,0,360,0,0,New YorkTompkins2021
354,333,21,0,0,0,0,100,47,33,0,0,354,0,0,New YorkWayne2021
365,307,52,6,0,0,0,143,56,38,0,0,258,107,0,New YorkWestchester2021
245,212,33,0,0,0,0,80,54,41,0,0,245,0,0,North CarolinaAlexander2021
364,331,33,0,0,0,0,74,50,40,0,0,349,15,0,North CarolinaAvery2021
365,278,87,0,0,0,0,81,57,41,0,0,123,242,0,North CarolinaBuncombe2021
243,219,24,0,0,0,0,77,50,40,0,0,243,0,0,North CarolinaCaldwell2021
352,337,15,0,0,0,0,97,47,35,0,0,352,0,0,North CarolinaCarteret2021
250,240,10,0,0,0,0,80,47,38,0,0,244,0,6,North CarolinaCaswell2021
344,197,147,0,0,0,0,94,61,46,0,0,0,344,0,North CarolinaCatawba2021
365,227,137,1,0,0,0,107,64,44,0,0,124,241,0,North CarolinaCumberland2021
343,190,153,0,0,0,0,97,62,47,0,0,0,343,0,North CarolinaDavidson2021
365,238,127,0,0,0,0,90,59,44,0,0,116,249,0,North CarolinaDurham2021
363,292,71,0,0,0,0,90,55,38,0,0,171,192,0,North CarolinaEdgecombe2021
365,201,161,3,0,0,0,124,66,48,0,0,131,234,0,North CarolinaForsyth2021
245,213,32,0,0,0,0,90,54,42,0,0,245,0,0,North CarolinaGraham2021
242,237,5,0,0,0,0,67,46,38,0,0,242,0,0,North CarolinaGranville2021
365,245,120,0,0,0,0,100,62,44,0,0,154,209,2,North CarolinaGuilford2021
283,229,54,0,0,0,0,93,61,43,0,0,240,43,0,North CarolinaHaywood2021
107,102,5,0,0,0,0,56,43,22,0,0,0,107,0,North CarolinaHyde2021
100,75,25,0,0,0,0,73,56,38,0,0,0,100,0,North CarolinaJackson2021
365,240,125,0,0,0,0,97,60,44,0,0,104,261,0,North CarolinaJohnston2021
306,284,22,0,0,0,0,97,49,34,0,0,241,0,65,North CarolinaLenoir2021
243,205,38,0,0,0,0,97,58,42,0,0,243,0,0,North CarolinaLincoln2021
359,347,12,0,0,0,0,67,44,30,0,0,359,0,0,North CarolinaMacon2021
296,291,5,0,0,0,0,74,46,32,0,0,238,0,58,North CarolinaMartin2021
365,188,175,2,0,0,0,128,67,49,0,0,108,257,0,North CarolinaMecklenburg2021
356,296,60,0,0,0,0,82,53,31,0,0,0,356,0,North CarolinaMitchell2021
365,256,108,1,0,0,0,103,58,43,0,0,138,227,0,North CarolinaMontgomery2021
360,286,74,0,0,0,0,93,55,40,0,0,105,255,0,North CarolinaNew Hanover2021
363,270,93,0,0,0,0,94,57,34,0,4,0,359,0,North CarolinaNorthampton2021
245,220,25,0,0,0,0,90,51,41,0,0,245,0,0,North CarolinaPerson2021
360,288,72,0,0,0,0,81,55,39,0,0,137,223,0,North CarolinaPitt2021
239,200,39,0,0,0,0,90,58,43,0,0,239,0,0,North CarolinaRockingham2021
364,244,120,0,0,0,0,87,63,44,0,0,181,183,0,North CarolinaRowan2021
354,261,92,1,0,0,0,147,58,40,0,0,200,154,0,North CarolinaSwain2021
244,209,34,1,0,0,0,101,58,42,0,0,244,0,0,North CarolinaUnion2021
365,199,166,0,0,0,0,96,65,48,0,1,109,255,0,North CarolinaWake2021
240,186,54,0,0,0,0,90,61,44,0,0,240,0,0,North CarolinaYancey2021
364,299,60,3,2,0,0,161,67,37,0,0,291,73,0,North DakotaBillings2021
365,283,73,7,2,0,0,183,67,38,0,0,222,141,2,North DakotaBurke2021
365,265,83,12,5,0,0,183,70,38,0,3,124,235,3,North DakotaBurleigh2021
363,227,119,8,8,1,0,211,74,42,0,0,132,231,0,North DakotaCass2021
365,277,78,7,3,0,0,184,68,39,0,0,238,125,2,North DakotaDunn2021
356,286,62,6,2,0,0,183,72,36,0,0,237,116,3,North DakotaMcKenzie2021
365,279,77,5,4,0,0,174,68,38,0,2,218,145,0,North DakotaMercer2021
365,251,99,9,6,0,0,172,71,41,0,0,205,160,0,North DakotaOliver2021
360,284,62,10,4,0,0,173,67,37,0,1,180,179,0,North DakotaWard2021
365,260,105,0,0,0,0,87,61,42,0,0,178,187,0,OhioAllen2021
243,213,28,2,0,0,0,112,58,38,0,0,243,0,0,OhioAshtabula2021
113,91,22,0,0,0,0,77,55,27,0,0,0,113,0,OhioAthens2021
363,320,43,0,0,0,0,77,53,14,0,247,0,108,8,OhioBelmont2021
365,128,232,5,0,0,0,116,75,55,0,0,64,289,12,OhioButler2021
365,169,196,0,0,0,0,100,68,52,0,0,78,287,0,OhioClark2021
364,263,101,0,0,0,0,97,58,42,0,0,171,193,0,OhioClermont2021
240,209,31,0,0,0,0,84,54,39,0,0,240,0,0,OhioClinton2021
61,61,0,0,0,0,0,35,24,16,0,0,0,0,61,OhioColumbiana2021
365,100,261,4,0,0,0,115,77,57,0,0,75,284,6,OhioCuyahoga2021
240,222,18,0,0,0,0,77,49,38,0,0,240,0,0,OhioDelaware2021
360,339,21,0,0,0,0,90,48,36,0,0,360,0,0,OhioFayette2021
365,170,195,0,0,0,0,100,70,52,0,1,88,276,0,OhioFranklin2021
216,176,40,0,0,0,0,97,71,41,0,0,216,0,0,OhioGeauga2021
244,221,23,0,0,0,0,97,50,39,0,0,244,0,0,OhioGreene2021
365,109,251,5,0,0,0,140,77,56,0,6,58,301,0,OhioHamilton2021
232,216,16,0,0,0,0,68,42,5,175,0,0,54,3,OhioHarrison2021
358,123,232,2,1,0,0,157,74,55,0,0,49,309,0,OhioJefferson2021
245,225,20,0,0,0,0,97,49,38,0,0,245,0,0,OhioKnox2021
365,251,107,7,0,0,0,122,66,41,0,0,148,216,1,OhioLake2021
365,210,155,0,0,0,0,99,62,46,0,0,85,280,0,OhioLawrence2021
245,227,18,0,0,0,0,87,49,38,0,0,245,0,0,OhioLicking2021
304,208,96,0,0,0,0,90,59,41,0,0,150,154,0,OhioLorain2021
364,221,138,5,0,0,0,122,69,46,0,0,120,244,0,OhioLucas2021
229,212,17,0,0,0,0,84,50,39,0,0,229,0,0,OhioMadison2021
365,205,159,1,0,0,0,110,66,47,0,0,86,279,0,OhioMahoning2021
363,250,113,0,0,0,0,93,62,42,0,0,169,194,0,OhioMedina2021
245,215,30,0,0,0,0,87,54,40,0,0,245,0,0,OhioMiami2021
357,157,199,1,0,0,0,101,71,53,0,0,91,266,0,OhioMontgomery2021
351,307,44,0,0,0,0,84,53,37,0,0,319,32,0,OhioNoble2021
263,205,57,1,0,0,0,108,60,40,0,0,217,46,0,OhioPortage2021
365,205,160,0,0,0,0,97,66,47,0,0,108,257,0,OhioPreble2021
365,333,32,0,0,0,0,86,48,16,0,0,0,122,243,OhioScioto2021
365,154,208,3,0,0,0,127,74,53,0,0,90,275,0,OhioStark2021
356,223,130,3,0,0,0,105,67,45,0,0,128,228,0,OhioSummit2021
363,219,141,3,0,0,0,147,67,45,0,0,114,249,0,OhioTrumbull2021
360,230,128,2,0,0,0,119,65,44,0,0,146,214,0,OhioWarren2021
245,222,23,0,0,0,0,87,50,39,0,0,245,0,0,OhioWashington2021
245,216,29,0,0,0,0,90,51,39,0,0,245,0,0,OhioWood2021
365,291,73,1,0,0,0,117,57,40,0,0,228,133,4,OklahomaAdair2021
333,292,38,3,0,0,0,126,54,37,0,0,333,0,0,OklahomaCanadian2021
316,186,129,1,0,0,0,118,61,46,0,0,0,316,0,OklahomaCarter2021
362,144,215,3,0,0,0,129,68,53,0,0,83,279,0,OklahomaCleveland2021
364,223,139,2,0,0,0,124,63,47,0,0,145,219,0,OklahomaComanche2021
343,305,37,1,0,0,0,126,51,37,0,0,343,0,0,OklahomaCreek2021
365,261,103,1,0,0,0,116,61,44,0,0,196,169,0,OklahomaDewey2021
107,90,17,0,0,0,0,66,52,30,0,0,0,107,0,OklahomaGrant2021
354,167,178,8,1,0,0,168,72,52,0,0,0,354,0,OklahomaKay2021
283,221,62,0,0,0,0,100,67,43,0,0,283,0,0,OklahomaKiowa2021
286,229,48,9,0,0,0,136,67,42,0,0,286,0,0,OklahomaLove2021
248,228,20,0,0,0,0,100,49,37,0,0,248,0,0,OklahomaMayes2021
208,168,39,1,0,0,0,101,61,40,0,0,208,0,0,OklahomaMcClain2021
365,125,234,6,0,0,0,140,74,54,0,5,83,276,1,OklahomaOklahoma2021
327,278,49,0,0,0,0,100,58,39,0,0,327,0,0,OklahomaOsage2021
365,90,258,14,3,0,0,169,87,59,0,0,25,336,4,OklahomaOttawa2021
360,176,180,4,0,0,0,117,66,51,0,0,107,253,0,OklahomaPittsburg2021
360,250,108,2,0,0,0,122,59,41,0,0,125,235,0,OklahomaSequoyah2021
365,143,212,8,2,0,0,168,74,53,0,0,104,259,2,OklahomaTulsa2021
345,168,170,7,0,0,0,139,67,51,0,0,128,217,0,OklahomaWashington2021
364,271,88,1,4,0,0,155,60,29,0,0,0,364,0,OregonBaker2021
365,345,20,0,0,0,0,69,45,22,0,0,0,365,0,OregonBenton2021
354,320,33,0,1,0,0,161,50,31,0,0,134,220,0,OregonClackamas2021
345,319,26,0,0,0,0,66,47,29,0,0,119,226,0,OregonColumbia2021
365,281,75,6,3,0,0,190,62,28,0,0,0,365,0,OregonCrook2021
365,298,47,10,7,2,1,403,61,25,0,0,0,365,0,OregonDeschutes2021
365,304,56,3,2,0,0,186,54,29,0,0,0,365,0,OregonDouglas2021
365,178,177,5,5,0,0,175,74,51,0,0,0,365,0,OregonGrant2021
365,191,165,5,4,0,0,185,71,48,0,0,0,365,0,OregonHarney2021
365,204,126,6,19,10,0,266,99,48,0,0,83,282,0,OregonJackson2021
365,282,77,4,2,0,0,173,61,28,0,0,0,365,0,OregonJefferson2021
365,240,106,10,9,0,0,188,75,36,0,0,0,365,0,OregonJosephine2021
365,162,153,19,25,6,0,237,134,54,0,0,0,365,0,OregonKlamath2021
365,240,102,17,6,0,0,188,85,28,0,0,0,365,0,OregonLake2021
365,214,131,6,13,1,0,230,74,44,0,0,75,289,1,OregonLane2021
365,268,96,1,0,0,0,136,61,34,0,0,0,365,0,OregonLinn2021
363,280,83,0,0,0,0,93,60,36,0,0,124,239,0,OregonMarion2021
365,294,70,1,0,0,0,105,57,36,0,1,188,176,0,OregonMultnomah2021
365,265,92,6,2,0,0,169,64,38,0,0,114,251,0,OregonUmatilla2021
360,304,49,5,2,0,0,170,61,27,0,0,0,358,2,OregonUnion2021
365,280,75,6,4,0,0,162,63,26,0,0,0,365,0,OregonWallowa2021
319,287,30,1,1,0,0,163,51,22,0,0,0,319,0,OregonWasco2021
365,276,89,0,0,0,0,100,58,36,0,4,139,222,0,OregonWashington2021
364,206,155,3,0,0,0,129,67,47,0,0,145,219,0,PennsylvaniaAdams2021
365,118,240,6,1,0,0,154,84,57,0,0,63,302,0,PennsylvaniaAllegheny2021
350,184,165,1,0,0,0,108,70,48,0,0,122,228,0,PennsylvaniaArmstrong2021
365,170,192,3,0,0,0,125,67,52,0,0,95,270,0,PennsylvaniaBeaver2021
365,198,162,5,0,0,0,133,71,48,0,0,133,232,0,PennsylvaniaBerks2021
336,206,128,2,0,0,0,120,64,45,0,0,79,257,0,PennsylvaniaBlair2021
356,242,113,1,0,0,0,116,61,42,0,0,110,246,0,PennsylvaniaBradford2021
283,239,34,10,0,0,0,143,64,37,0,0,283,0,0,PennsylvaniaBucks2021
353,169,183,1,0,0,0,130,65,51,3,0,63,287,0,PennsylvaniaCambria2021
365,241,123,1,0,0,0,114,64,43,0,0,162,203,0,PennsylvaniaCentre2021
347,215,130,2,0,0,0,138,63,45,0,0,105,242,0,PennsylvaniaChester2021
277,274,3,0,0,0,0,54,44,33,0,0,277,0,0,PennsylvaniaClearfield2021
365,209,155,1,0,0,0,114,63,47,0,0,0,365,0,PennsylvaniaCumberland2021
359,155,202,2,0,0,0,127,71,52,0,0,78,281,0,PennsylvaniaDauphin2021
365,182,180,3,0,0,0,142,67,51,0,3,92,270,0,PennsylvaniaDelaware2021
358,340,18,0,0,0,0,87,46,34,0,0,358,0,0,PennsylvaniaElk2021
329,255,74,0,0,0,0,92,57,38,2,18,137,163,9,PennsylvaniaErie2021
354,227,126,1,0,0,0,113,60,43,0,0,83,271,0,PennsylvaniaFayette2021
288,274,14,0,0,0,0,77,47,35,0,0,288,0,0,PennsylvaniaFranklin2021
340,232,107,1,0,0,0,113,62,42,0,0,107,233,0,PennsylvaniaGreene2021
348,218,128,2,0,0,0,122,63,44,0,0,103,245,0,PennsylvaniaIndiana2021
353,252,100,1,0,0,0,137,60,40,2,17,132,202,0,PennsylvaniaLackawanna2021
365,100,257,7,1,0,0,156,82,56,0,0,60,303,2,PennsylvaniaLancaster2021
278,259,19,0,0,0,0,87,47,31,0,0,278,0,0,PennsylvaniaLawrence2021
365,197,166,2,0,0,0,117,69,49,0,0,92,273,0,PennsylvaniaLebanon2021
353,198,154,0,1,0,0,154,66,47,0,0,83,262,8,PennsylvaniaLehigh2021
287,270,17,0,0,0,0,90,48,34,0,0,257,0,30,PennsylvaniaLuzerne2021
354,221,132,1,0,0,0,111,61,44,0,0,103,251,0,PennsylvaniaLycoming2021
363,277,85,1,0,0,0,112,61,40,0,0,223,140,0,PennsylvaniaMercer2021
233,214,19,0,0,0,0,84,49,35,0,0,233,0,0,PennsylvaniaMonroe2021
356,202,148,6,0,0,0,150,67,47,0,0,114,242,0,PennsylvaniaMontgomery2021
365,214,147,4,0,0,0,148,67,45,0,3,132,230,0,PennsylvaniaNorthampton2021
365,137,217,9,2,0,0,153,77,54,0,10,92,263,0,PennsylvaniaPhiladelphia2021
363,339,24,0,0,0,0,90,47,34,0,0,363,0,0,PennsylvaniaSomerset2021
334,252,80,2,0,0,0,133,57,35,0,0,0,334,0,PennsylvaniaSusquehanna2021
350,274,75,1,0,0,0,131,58,38,0,0,182,168,0,PennsylvaniaTioga2021
365,187,177,1,0,0,0,123,67,49,0,0,98,267,0,PennsylvaniaWashington2021
354,196,157,1,0,0,0,124,63,47,0,0,28,326,0,PennsylvaniaWestmoreland2021
336,254,81,1,0,0,0,127,56,34,0,0,0,336,0,PennsylvaniaWyoming2021
357,168,187,2,0,0,0,148,71,51,0,3,91,263,0,PennsylvaniaYork2021
7,7,0,0,0,0,0,23,23,14,0,0,0,7,0,Puerto RicoAdjuntas2021
347,320,27,0,0,0,0,77,41,10,168,0,76,103,0,Puerto RicoBayamon2021
197,180,17,0,0,0,0,75,48,14,104,19,0,74,0,Puerto RicoCaguas2021
300,151,136,12,1,0,0,151,80,50,0,0,12,185,103,Puerto RicoCatano2021
114,88,26,0,0,0,0,82,58,29,0,0,0,107,7,Puerto RicoFajardo2021
54,39,15,0,0,0,0,77,65,28,0,0,0,53,1,Puerto RicoGuayama2021
119,86,33,0,0,0,0,77,64,33,0,0,0,111,8,Puerto RicoGuaynabo2021
334,231,101,2,0,0,0,142,62,38,0,0,116,218,0,Puerto RicoMayagnez2021
217,176,37,0,1,2,1,380,61,30,12,0,0,65,140,Puerto RicoPonce2021
41,41,0,0,0,0,0,10,9,7,41,0,0,0,0,Puerto RicoSan Juan2021
358,313,42,3,0,0,0,140,54,34,0,0,163,195,0,Rhode IslandKent2021
365,219,142,4,0,0,0,136,62,45,0,4,117,244,0,Rhode IslandProvidence2021
358,306,50,2,0,0,0,143,52,36,0,0,173,185,0,Rhode IslandWashington2021
282,259,23,0,0,0,0,84,49,36,0,0,282,0,0,South CarolinaAiken2021
263,240,23,0,0,0,0,87,50,38,0,0,263,0,0,South CarolinaAnderson2021
258,250,8,0,0,0,0,80,47,34,0,0,258,0,0,South CarolinaBerkeley2021
365,197,168,0,0,0,0,93,62,48,0,0,46,319,0,South CarolinaCharleston2021
358,268,90,0,0,0,0,81,58,41,0,0,134,224,0,South CarolinaChesterfield2021
275,257,18,0,0,0,0,74,48,35,0,0,275,0,0,South CarolinaDarlington2021
354,261,93,0,0,0,0,87,59,39,0,0,160,194,0,South CarolinaEdgefield2021
337,251,86,0,0,0,0,86,58,39,0,0,0,337,0,South CarolinaFlorence2021
365,180,184,1,0,0,0,101,70,51,0,3,114,248,0,South CarolinaGreenville2021
264,238,26,0,0,0,0,90,50,38,0,0,264,0,0,South CarolinaHorry2021
358,199,158,1,0,0,0,102,63,46,0,0,0,346,12,South CarolinaLexington2021
365,268,96,1,0,0,0,101,60,42,0,0,213,152,0,South CarolinaRichland2021
354,201,152,1,0,0,0,119,64,46,0,0,112,242,0,South CarolinaSpartanburg2021
360,257,103,0,0,0,0,97,61,44,0,0,181,179,0,South CarolinaYork2021
365,270,87,6,1,1,0,236,67,39,0,0,236,103,26,South DakotaBrookings2021
356,301,52,0,2,1,0,208,58,26,0,0,0,210,146,South DakotaBrown2021
365,246,113,3,2,1,0,271,69,43,0,0,136,197,32,South DakotaCodington2021
364,302,59,2,0,1,0,209,60,39,0,0,307,55,2,South DakotaCuster2021
349,325,22,1,0,1,0,268,46,12,0,0,0,349,0,South DakotaHughes2021
365,309,54,0,1,1,0,233,55,35,0,1,220,139,5,South DakotaJackson2021
365,308,50,7,0,0,0,115,64,38,0,0,346,0,19,South DakotaMeade2021
349,266,78,3,2,0,0,193,61,39,0,12,193,126,18,South DakotaMinnehaha2021
365,244,114,5,1,1,0,202,73,39,0,16,0,197,152,South DakotaPennington2021
273,179,90,2,2,0,0,167,64,44,0,0,155,117,1,South DakotaUnion2021
235,219,16,0,0,0,0,87,49,38,0,0,235,0,0,TennesseeAnderson2021
365,231,132,2,0,0,0,107,61,44,0,0,168,197,0,TennesseeBlount2021
357,339,18,0,0,0,0,71,46,34,0,0,357,0,0,TennesseeClaiborne2021
365,153,208,4,0,0,0,116,70,52,0,6,47,312,0,TennesseeDavidson2021
363,349,14,0,0,0,0,84,46,35,0,0,363,0,0,TennesseeDeKalb2021
350,242,107,1,0,0,0,105,60,39,0,0,0,350,0,TennesseeDyer2021
351,191,159,1,0,0,0,101,64,48,0,0,116,235,0,TennesseeHamilton2021
235,199,36,0,0,0,0,100,58,41,0,0,235,0,0,TennesseeJefferson2021
365,153,207,5,0,0,0,150,69,52,0,0,51,314,0,TennesseeKnox2021
357,274,83,0,0,0,0,98,57,34,0,0,0,357,0,TennesseeLawrence2021
365,259,106,0,0,0,0,90,59,42,0,0,134,231,0,TennesseeLoudon2021
356,249,106,1,0,0,0,106,60,38,0,0,0,356,0,TennesseeMadison2021
349,252,96,1,0,0,0,109,60,35,0,0,0,349,0,TennesseeMaury2021
360,250,110,0,0,0,0,90,59,37,0,0,0,360,0,TennesseeMcMinn2021
359,279,79,1,0,0,0,138,59,33,0,0,0,359,0,TennesseeMontgomery2021
356,268,88,0,0,0,0,91,58,36,0,0,0,356,0,TennesseePutnam2021
357,256,101,0,0,0,0,89,57,37,0,0,0,357,0,TennesseeRoane2021
363,310,53,0,0,0,0,93,54,42,0,0,363,0,0,TennesseeSevier2021
365,209,152,4,0,0,0,150,67,48,0,0,127,238,0,TennesseeShelby2021
365,273,92,0,0,0,0,100,59,41,0,0,153,212,0,TennesseeSullivan2021
357,236,119,2,0,0,0,133,62,44,0,0,109,248,0,TennesseeSumner2021
243,225,18,0,0,0,0,67,50,39,0,0,243,0,0,TennesseeWilliamson2021
243,221,22,0,0,0,0,74,48,37,0,0,243,0,0,TennesseeWilson2021
356,213,143,0,0,0,0,87,63,43,0,0,0,356,0,TexasAtascosa2021
365,240,122,3,0,0,0,122,69,44,0,0,230,135,0,TexasBell2021
365,113,240,12,0,0,0,147,80,55,0,0,94,269,2,TexasBexar2021
357,163,193,1,0,0,0,106,64,52,0,0,0,357,0,TexasBowie2021
365,331,22,11,1,0,0,159,50,34,0,10,355,0,0,TexasBrazoria2021
356,248,108,0,0,0,0,85,58,40,0,0,0,356,0,TexasBrazos2021
356,287,68,1,0,0,0,105,57,42,0,0,276,80,0,TexasBrewster2021
365,162,203,0,0,0,0,99,70,52,0,0,67,298,0,TexasCameron2021
357,294,55,7,1,0,0,154,64,37,0,0,357,0,0,TexasCollin2021
221,170,47,4,0,0,0,126,64,43,0,0,145,76,0,TexasCulberson2021
365,210,145,9,1,0,0,174,71,47,0,12,180,172,1,TexasDallas2021
365,222,122,18,3,0,0,179,77,45,0,0,226,139,0,TexasDenton2021
349,269,80,0,0,0,0,91,56,35,0,0,0,349,0,TexasEctor2021
365,91,255,19,0,0,0,150,84,59,0,7,141,207,10,TexasEl Paso2021
363,262,100,1,0,0,0,105,60,43,0,5,184,174,0,TexasEllis2021
361,259,99,3,0,0,0,122,63,43,0,1,194,163,3,TexasGalveston2021
365,336,29,0,0,0,0,93,48,33,0,7,358,0,0,TexasGregg2021
365,64,276,18,7,0,0,179,90,58,0,3,69,283,10,TexasHarris2021
362,205,153,3,1,0,0,161,64,47,0,0,89,273,0,TexasHarrison2021
363,169,192,2,0,0,0,108,74,52,0,0,85,278,0,TexasHidalgo2021
357,331,25,1,0,0,0,122,49,35,0,0,357,0,0,TexasHood2021
362,343,19,0,0,0,0,93,46,33,0,5,357,0,0,TexasHunt2021
365,231,131,3,0,0,0,115,62,44,0,0,147,218,0,TexasJefferson2021
363,311,46,6,0,0,0,136,61,37,0,0,363,0,0,TexasJohnson2021
364,364,0,0,0,0,0,26,16,6,0,364,0,0,0,TexasKarnes2021
365,269,96,0,0,0,0,84,58,40,0,3,153,209,0,TexasKaufman2021
348,185,162,1,0,0,0,109,68,48,0,0,0,348,0,TexasKleberg2021
347,278,69,0,0,0,0,85,55,31,0,0,0,347,0,TexasLubbock2021
353,239,114,0,0,0,0,88,61,37,0,0,0,353,0,TexasMaverick2021
364,280,84,0,0,0,0,100,59,39,2,0,216,146,0,TexasMcLennan2021
359,204,152,2,1,0,0,151,66,47,0,0,148,211,0,TexasMontgomery2021
365,266,99,0,0,0,0,100,61,41,0,1,183,181,0,TexasNavarro2021
364,200,162,2,0,0,0,113,67,47,0,0,127,236,1,TexasNueces2021
364,262,102,0,0,0,0,80,57,41,0,3,111,250,0,TexasOrange2021
354,312,41,1,0,0,0,136,54,36,0,0,354,0,0,TexasParker2021
353,349,4,0,0,0,0,61,43,30,0,0,353,0,0,TexasPolk2021
354,293,61,0,0,0,0,83,54,31,0,0,0,354,0,TexasPotter2021
360,293,64,3,0,0,0,119,64,42,0,0,360,0,0,TexasRandall2021
360,343,17,0,0,0,0,87,45,31,0,0,360,0,0,TexasRockwall2021
361,333,28,0,0,0,0,100,48,35,0,8,353,0,0,TexasSmith2021
365,161,190,12,1,1,0,209,79,52,0,6,137,222,0,TexasTarrant2021
365,182,182,1,0,0,0,101,67,51,0,3,111,248,3,TexasTravis2021
364,347,17,0,0,0,0,97,46,32,0,0,364,0,0,TexasVictoria2021
365,197,168,0,0,0,0,97,69,48,0,0,60,303,2,TexasWebb2021
363,363,0,0,0,0,0,27,16,7,0,363,0,0,0,TexasWilson2021
363,281,78,4,0,0,0,119,67,42,0,2,361,0,0,UtahBox Elder2021
365,213,142,10,0,0,0,129,82,45,0,0,229,124,12,UtahCache2021
365,265,88,10,2,0,0,155,74,44,0,0,323,42,0,UtahCarbon2021
365,205,134,25,1,0,0,156,92,47,0,21,233,110,1,UtahDavis2021
365,220,137,7,1,0,0,155,77,48,0,0,296,69,0,UtahDuchesne2021
362,273,87,2,0,0,0,115,64,45,0,0,359,3,0,UtahGarfield2021
365,286,75,3,1,0,0,176,62,40,0,11,268,86,0,UtahIron2021
365,122,195,39,9,0,0,177,108,59,0,13,223,117,12,UtahSalt Lake2021
364,276,86,2,0,0,0,115,67,44,0,0,360,4,0,UtahSan Juan2021
365,229,120,14,2,0,0,157,77,43,0,1,241,123,0,UtahTooele2021
365,190,149,24,2,0,0,159,93,50,0,0,338,27,0,UtahUintah2021
365,192,156,17,0,0,0,144,87,49,0,6,259,97,3,UtahUtah2021
365,256,106,2,1,0,0,163,64,45,0,0,340,25,0,UtahWashington2021
120,111,9,0,0,0,0,84,38,11,0,0,0,120,0,UtahWayne2021
364,221,126,17,0,0,0,140,83,46,2,12,220,120,10,UtahWeber2021
365,307,57,1,0,0,0,115,55,37,0,0,221,144,0,VermontBennington2021
365,288,76,1,0,0,0,129,57,40,0,0,175,190,0,VermontChittenden2021
365,265,99,1,0,0,0,114,60,40,0,0,145,220,0,VermontRutland2021
118,114,4,0,0,0,0,56,29,11,0,0,0,118,0,VermontWindham2021
55,46,9,0,0,0,0,76,52,28,0,0,0,55,0,Virgin IslandsSt Croix2021
109,94,15,0,0,0,0,69,55,22,0,0,0,109,0,Virgin IslandsSt John2021
360,261,99,0,0,0,0,97,60,41,0,0,123,237,0,VirginiaAlbemarle2021
15,15,0,0,0,0,0,9,7,6,0,0,0,0,15,VirginiaAlexandria City2021
365,306,56,3,0,0,0,115,55,38,0,37,267,61,0,VirginiaArlington2021
116,83,33,0,0,0,0,90,57,36,0,0,0,116,0,VirginiaBristol City2021
228,210,16,2,0,0,0,108,49,35,0,0,228,0,0,VirginiaCaroline2021
60,60,0,0,0,0,0,33,16,9,0,0,0,0,60,VirginiaCarroll2021
365,332,33,0,0,0,0,95,50,34,0,86,203,76,0,VirginiaCharles2021
283,243,39,1,0,0,0,101,52,38,0,0,203,80,0,VirginiaChesterfield2021
365,208,153,4,0,0,0,129,65,47,0,10,101,254,0,VirginiaFairfax2021
237,226,11,0,0,0,0,77,45,34,0,0,237,0,0,VirginiaFauquier2021
362,222,140,0,0,0,0,98,61,44,0,0,83,279,0,VirginiaFrederick2021
358,331,27,0,0,0,0,74,49,38,0,0,358,0,0,VirginiaGiles2021
365,263,102,0,0,0,0,95,56,42,1,2,129,233,0,VirginiaHampton City2021
245,228,17,0,0,0,0,87,49,38,0,0,245,0,0,VirginiaHanover2021
363,221,141,1,0,0,0,112,61,44,1,1,111,250,0,VirginiaHenrico2021
53,53,0,0,0,0,0,31,12,7,0,0,0,0,53,VirginiaHopewell City2021
364,308,55,1,0,0,0,122,54,37,0,10,298,56,0,VirginiaLoudoun2021
119,98,21,0,0,0,0,92,55,32,0,0,0,119,0,VirginiaLynchburg City2021
365,313,52,0,0,0,0,89,54,39,0,0,313,52,0,VirginiaMadison2021
362,340,22,0,0,0,0,85,42,18,7,261,0,94,0,VirginiaNorfolk City2021
335,335,0,0,0,0,0,21,7,3,0,335,0,0,0,VirginiaPittsylvania2021
356,343,13,0,0,0,0,80,45,33,0,0,356,0,0,VirginiaPrince Edward2021
359,333,25,1,0,0,0,119,49,35,0,10,349,0,0,VirginiaPrince William2021
363,238,124,1,0,0,0,101,58,41,2,55,0,306,0,VirginiaRichmond City2021
365,246,118,1,0,0,0,106,61,43,1,1,114,249,0,VirginiaRoanoke2021
283,267,16,0,0,0,0,64,47,34,0,0,218,65,0,VirginiaRockbridge2021
363,316,47,0,0,0,0,87,52,36,0,92,210,61,0,VirginiaRockingham2021
120,95,25,0,0,0,0,91,55,35,0,0,0,120,0,VirginiaSalem City2021
358,337,20,1,0,0,0,115,47,35,0,0,357,0,1,VirginiaStafford2021
245,228,17,0,0,0,0,90,49,37,0,0,245,0,0,VirginiaSuffolk City2021
105,77,28,0,0,0,0,82,55,35,0,0,0,105,0,VirginiaVirginia Beach City2021
242,228,14,0,0,0,0,71,49,39,0,0,242,0,0,VirginiaWythe2021
364,333,24,3,4,0,0,191,45,19,0,0,0,364,0,WashingtonAdams2021
335,176,140,14,4,1,0,233,83,48,0,0,0,335,0,WashingtonAsotin2021
365,283,73,6,3,0,0,180,63,36,0,0,126,187,52,WashingtonBenton2021
365,279,81,2,3,0,0,195,58,31,0,0,0,365,0,WashingtonChelan2021
365,298,67,0,0,0,0,81,53,37,0,0,207,158,0,WashingtonClallam2021
365,308,57,0,0,0,0,98,55,34,0,0,136,229,0,WashingtonClark2021
365,304,53,3,5,0,0,172,58,39,0,0,258,107,0,WashingtonColumbia2021
365,355,10,0,0,0,0,64,38,21,0,0,0,365,0,WashingtonCowlitz2021
320,297,23,0,0,0,0,84,45,21,0,0,0,320,0,WashingtonFranklin2021
334,284,44,1,4,1,0,224,62,19,0,0,0,334,0,WashingtonGarfield2021
365,310,49,1,4,1,0,202,54,25,0,0,0,365,0,WashingtonGrant2021
365,347,18,0,0,0,0,82,42,26,0,0,0,365,0,WashingtonGrays Harbor2021
358,352,6,0,0,0,0,79,32,20,0,0,0,358,0,WashingtonJefferson2021
365,247,113,3,2,0,0,177,60,43,0,14,111,240,0,WashingtonKing2021
359,342,16,1,0,0,0,113,44,26,0,0,0,359,0,WashingtonKitsap2021
365,303,57,3,2,0,0,173,55,28,0,0,0,365,0,WashingtonKittitas2021
119,103,16,0,0,0,0,76,53,21,0,0,0,119,0,WashingtonKlickitat2021
350,328,22,0,0,0,0,71,46,23,0,0,0,350,0,WashingtonLewis2021
361,339,22,0,0,0,0,70,43,22,0,0,0,361,0,WashingtonMason2021
365,146,193,5,8,11,2,354,86,54,0,0,0,365,0,WashingtonOkanogan2021
360,255,96,3,6,0,0,196,59,35,0,0,0,360,0,WashingtonPend Oreille2021
365,269,96,0,0,0,0,94,61,42,0,2,200,163,0,WashingtonPierce2021
314,296,17,1,0,0,0,101,46,28,0,0,60,254,0,WashingtonSkagit2021
365,248,114,3,0,0,0,137,63,35,0,0,0,365,0,WashingtonSnohomish2021
365,242,114,3,6,0,0,195,67,43,0,0,125,236,4,WashingtonSpokane2021
365,203,146,6,8,2,0,223,74,44,0,0,0,338,27,WashingtonStevens2021
329,309,20,0,0,0,0,63,41,19,0,0,0,329,0,WashingtonThurston2021
365,309,51,3,2,0,0,172,55,24,0,0,0,220,145,WashingtonWalla Walla2021
332,323,7,2,0,0,0,129,42,28,0,0,155,177,0,WashingtonWhatcom2021
365,310,45,5,4,1,0,218,58,22,0,0,0,365,0,WashingtonWhitman2021
365,175,163,12,14,1,0,210,90,52,0,0,0,362,3,WashingtonYakima2021
273,214,59,0,0,0,0,93,60,40,0,0,189,84,0,West VirginiaBerkeley2021
362,295,67,0,0,0,0,83,56,21,0,0,0,122,240,West VirginiaBrooke2021
283,232,51,0,0,0,0,87,55,38,0,0,193,90,0,West VirginiaCabell2021
358,350,8,0,0,0,0,74,42,31,0,0,358,0,0,West VirginiaGilmer2021
231,223,8,0,0,0,0,64,46,37,0,0,231,0,0,West VirginiaGreenbrier2021
364,286,78,0,0,0,0,93,61,38,0,0,194,81,89,West VirginiaHancock2021
115,82,33,0,0,0,0,69,58,35,0,0,0,115,0,West VirginiaHarrison2021
365,239,126,0,0,0,0,97,64,44,0,0,116,249,0,West VirginiaKanawha2021
91,61,30,0,0,0,0,82,58,40,0,0,0,91,0,West VirginiaMarion2021
353,140,212,1,0,0,0,121,74,53,0,0,0,353,0,West VirginiaMarshall2021
282,225,57,0,0,0,0,80,58,39,0,0,200,82,0,West VirginiaMonongalia2021
285,223,62,0,0,0,0,78,58,39,0,0,196,89,0,West VirginiaOhio2021
363,334,29,0,0,0,0,84,48,34,0,0,344,19,0,West VirginiaTucker2021
271,221,50,0,0,0,0,76,54,38,0,0,182,89,0,West VirginiaWood2021
365,282,79,3,1,0,0,160,58,37,0,0,214,151,0,WisconsinAshland2021
365,231,131,3,0,0,0,125,67,43,0,0,107,258,0,WisconsinBrown2021
208,181,27,0,0,0,0,100,54,40,0,0,208,0,0,WisconsinColumbia2021
365,199,165,1,0,0,0,101,68,48,0,0,98,267,0,WisconsinDane2021
365,216,149,0,0,0,0,99,68,46,0,0,171,194,0,WisconsinDodge2021
206,173,30,3,0,0,0,126,61,39,0,0,206,0,0,WisconsinDoor2021
362,212,145,4,1,0,0,154,67,44,0,0,98,263,1,WisconsinEau Claire2021
208,178,30,0,0,0,0,90,54,39,0,0,208,0,0,WisconsinFond du Lac2021
361,282,75,3,1,0,0,165,59,38,0,0,221,140,0,WisconsinForest2021
355,200,155,0,0,0,0,96,64,46,0,0,0,355,0,WisconsinGrant2021
237,187,50,0,0,0,0,97,57,31,0,0,0,237,0,WisconsinJackson2021
208,178,29,1,0,0,0,101,61,40,0,0,208,0,0,WisconsinJefferson2021
344,197,136,11,0,0,0,136,74,47,0,0,168,176,0,WisconsinKenosha2021
207,170,35,2,0,0,0,108,61,40,0,0,207,0,0,WisconsinKewaunee2021
365,240,124,1,0,0,0,110,64,43,0,0,115,250,0,WisconsinLa Crosse2021
207,174,30,3,0,0,0,119,64,39,0,0,207,0,0,WisconsinManitowoc2021
200,191,9,0,0,0,0,87,49,36,0,0,200,0,0,WisconsinMarathon2021
365,162,196,7,0,0,0,129,72,52,0,3,118,241,3,WisconsinMilwaukee2021
265,216,49,0,0,0,0,94,56,32,0,0,0,265,0,WisconsinMonroe2021
363,226,134,3,0,0,0,139,66,44,0,0,100,263,0,WisconsinOutagamie2021
364,241,116,7,0,0,0,129,67,43,0,0,160,204,0,WisconsinOzaukee2021
210,149,53,8,0,0,0,126,80,43,0,0,210,0,0,WisconsinRacine2021
205,173,32,0,0,0,0,100,61,41,0,0,205,0,0,WisconsinRock2021
365,236,129,0,0,0,0,96,65,44,0,0,110,255,0,WisconsinSauk2021
208,164,39,5,0,0,0,126,74,41,0,0,208,0,0,WisconsinSheboygan2021
364,260,100,2,2,0,0,153,63,39,0,0,196,168,0,WisconsinTaylor2021
363,297,63,3,0,0,0,148,57,34,0,0,158,205,0,WisconsinVilas2021
221,184,36,1,0,0,0,101,61,41,0,0,221,0,0,WisconsinWalworth2021
365,177,184,4,0,0,0,108,71,51,0,0,89,275,1,WisconsinWaukesha2021
365,193,158,13,0,0,1,312,84,50,0,3,277,18,67,WyomingAlbany2021
364,324,39,1,0,0,0,101,51,39,0,0,364,0,0,WyomingBig Horn2021
365,218,131,16,0,0,0,143,87,44,0,0,184,29,152,WyomingCampbell2021
348,348,0,0,0,0,0,37,20,10,0,348,0,0,0,WyomingCarbon2021
365,274,87,4,0,0,0,119,70,42,0,0,310,0,55,WyomingConverse2021
365,240,117,8,0,0,0,141,77,46,0,0,289,73,3,WyomingFremont2021
365,304,54,7,0,0,0,126,64,40,0,2,358,0,5,WyomingJohnson2021
364,261,92,11,0,0,0,126,77,44,2,2,320,40,0,WyomingLaramie2021
365,297,62,6,0,0,0,126,67,30,0,5,126,31,203,WyomingLincoln2021
365,282,77,6,0,0,0,125,71,42,0,2,333,30,0,WyomingNatrona2021
152,129,23,0,0,0,0,98,61,14,0,0,0,146,6,WyomingPark2021
362,324,28,2,3,1,4,682,51,16,0,0,0,0,362,WyomingPlatte2021
364,302,55,7,0,0,0,115,67,40,0,0,299,45,20,WyomingSheridan2021
365,253,105,7,0,0,0,133,77,46,0,0,342,23,0,WyomingSublette2021
365,238,117,9,1,0,0,195,83,45,0,2,286,24,53,WyomingSweetwater2021
365,277,78,10,0,0,0,131,72,44,0,0,318,45,2,WyomingTeton2021
364,361,3,0,0,0,0,60,25,7,0,0,0,0,364,WyomingUinta2021
343,282,61,0,0,0,0,100,64,41,0,0,343,0,0,WyomingWeston2021
