County,AQI_records_20,Good_20,Moderate_20,Unhealthy_sens_20,Unhealthy_20,Very_unhealthy_20,Hazardous_20,Max_AQI_20,90th_Percentile_AQI_20,Median_AQI_20,CO_20,NO2_20,O3_20,PM2.5_20,PM10_20
Baldwin,269,223,46,0,0,0,0,74,54,38,0,0,178,91,0
Clay,105,83,22,0,0,0,0,88,56,34,0,0,0,105,0
DeKalb,364,332,32,0,0,0,0,91,49,37,0,0,309,55,0
Elmore,197,197,0,0,0,0,0,47,41,31,0,0,197,0,0
Etowah,276,239,37,0,0,0,0,93,53,36,0,0,191,85,0
Jefferson,366,119,244,3,0,0,0,129,70,54,0,0,58,308,0
Lawrence,90,84,6,0,0,0,0,78,48,24,0,0,0,90,0
Madison,364,210,154,0,0,0,0,89,59,47,0,0,72,288,4
Mobile,348,188,160,0,0,0,0,78,62,49,0,0,84,264,0
Montgomery,361,70,289,2,0,0,0,116,70,58,0,0,18,343,0
Morgan,355,251,104,0,0,0,0,75,58,41,0,0,96,259,0
Russell,365,236,129,0,0,0,0,99,61,44,0,0,49,316,0
Shelby,241,232,9,0,0,0,0,67,46,34,0,0,241,0,0
Sumter,355,314,41,0,0,0,0,74,51,33,0,0,139,216,0
Tuscaloosa,278,247,31,0,0,0,0,97,52,34,0,0,186,92,0
Aleutians East ,121,121,0,0,0,0,0,41,29,11,0,0,0,121,0
Anchorage ,366,294,72,0,0,0,0,92,55,27,6,0,0,267,93
Bethel ,167,165,2,0,0,0,0,56,24,7,0,0,0,30,137
Denali ,358,356,2,0,0,0,0,54,42,33,0,0,353,5,0
Fairbanks North Star ,366,231,98,17,20,0,0,177,106,39,0,0,76,287,3
Juneau ,361,320,40,1,0,0,0,101,52,19,0,0,0,336,25
Kenai Peninsula ,122,120,2,0,0,0,0,53,19,10,0,0,0,122,0
Matanuska-Susitna ,359,317,41,1,0,0,0,103,53,17,0,0,0,303,56
North Slope ,112,111,1,0,0,0,0,54,16,6,0,0,0,112,0
Apache,364,356,8,0,0,0,0,63,30,14,0,0,0,53,311
Cochise,366,271,93,2,0,0,0,108,61,45,0,0,301,4,61
Coconino,366,302,64,0,0,0,0,93,58,44,0,0,345,21,0
Gila,366,256,99,8,3,0,0,174,74,44,0,0,338,1,27
La Paz,366,292,72,2,0,0,0,125,58,44,0,0,350,9,7
Maricopa,366,11,154,60,66,75,0,282,216,112,0,0,271,63,32
Mohave,358,348,9,1,0,0,0,116,36,19,0,0,0,51,307
Navajo,366,314,50,2,0,0,0,136,54,43,0,0,359,4,3
Pima,366,124,229,12,0,1,0,277,77,55,0,0,169,99,98
Pinal,366,86,196,74,8,0,2,1194,121,73,0,0,123,60,183
Santa Cruz,360,208,147,4,1,0,0,170,71,44,0,0,0,303,57
Yavapai,331,265,65,1,0,0,0,119,61,45,0,0,331,0,0
Yuma,366,206,157,2,0,0,1,319,70,49,0,0,174,152,40
Arkansas,119,84,35,0,0,0,0,84,56,36,0,0,0,119,0
Ashley,122,91,31,0,0,0,0,91,56,37,0,0,0,122,0
Clark,342,341,1,0,0,0,0,67,40,29,0,0,342,0,0
Crittenden,366,244,119,3,0,0,0,115,60,45,0,3,104,259,0
Garland,121,79,42,0,0,0,0,85,58,39,0,0,0,121,0
Jackson,122,92,30,0,0,0,0,79,57,34,0,0,0,122,0
Newton,364,352,12,0,0,0,0,84,46,35,0,0,343,21,0
Polk,359,322,37,0,0,0,0,84,51,37,0,0,299,60,0
Pulaski,366,186,178,2,0,0,0,132,64,50,0,3,68,295,0
Union,121,74,47,0,0,0,0,90,57,45,0,0,0,121,0
Washington,366,251,114,1,0,0,0,150,58,44,0,0,129,237,0
Alameda,366,169,177,8,11,1,0,243,81,52,0,6,87,273,0
Amador,359,327,29,2,1,0,0,156,50,37,0,0,359,0,0
Butte,366,149,178,18,16,3,2,508,110,54,0,0,159,204,3
Calaveras,364,206,135,10,12,1,0,210,79,48,0,0,182,177,5
Colusa,366,218,116,9,22,1,0,221,87,42,0,0,148,190,28
Contra Costa,366,192,156,7,10,1,0,221,75,49,0,2,107,257,0
Del Norte,292,193,90,4,3,2,0,245,61,42,0,0,0,292,0
El Dorado,366,256,87,17,6,0,0,190,90,43,0,0,346,13,7
Fresno,366,75,192,59,31,8,1,346,154,76,0,0,149,204,13
Glenn,364,200,135,7,19,3,0,221,84,46,0,0,151,202,11
Humboldt,366,318,45,3,0,0,0,109,53,29,0,0,225,80,61
Imperial,366,94,244,26,2,0,0,166,97,60,0,1,153,146,66
Inyo,366,158,153,23,16,8,8,705,130,57,0,0,218,128,20
Kern,366,56,180,98,28,4,0,267,140,83,0,0,184,166,16
Kings,366,76,220,54,13,2,1,548,124,70,0,0,118,199,49
Lake,351,341,6,1,3,0,0,190,44,32,0,0,324,25,2
Los Angeles,366,35,194,77,43,17,0,250,166,85,0,9,180,175,2
Madera,366,104,209,34,15,4,0,275,113,64,0,0,173,174,19
Marin,366,272,85,4,4,1,0,231,62,36,0,8,148,210,0
Mariposa,366,195,123,27,10,6,5,1073,111,49,0,0,275,84,7
Mendocino,366,240,103,10,10,0,3,716,79,40,0,0,112,252,2
Merced,366,131,203,17,15,0,0,194,96,57,0,0,164,201,1
Mono,366,183,117,13,14,11,28,2088,224,51,0,0,0,331,35
Monterey,366,259,92,4,8,3,0,275,64,39,0,0,171,171,24
Napa,365,259,91,7,7,1,0,224,66,39,3,0,163,199,0
Nevada,366,223,111,15,11,6,0,277,91,46,0,0,173,193,0
Orange,366,118,207,28,11,2,0,218,108,56,0,4,153,207,2
Placer,366,130,195,20,15,6,0,247,108,57,0,0,181,177,8
Plumas,360,135,175,16,17,10,7,755,146,56,0,0,0,360,0
Riverside,366,42,179,98,36,9,2,584,159,87,0,0,211,124,31
Sacramento,366,145,185,17,16,3,0,226,100,55,0,0,166,191,9
San Benito,366,271,78,8,9,0,0,174,68,41,0,0,241,117,8
San Bernardino,366,33,170,76,69,18,0,236,185,93,0,6,219,128,13
San Diego,366,33,284,35,14,0,0,192,108,74,0,0,100,263,3
San Francisco,366,227,131,3,4,1,0,223,67,42,0,5,118,243,0
San Joaquin,366,162,173,16,13,2,0,215,97,54,0,0,129,223,14
San Luis Obispo,366,161,174,21,7,1,2,334,90,53,0,0,179,181,6
San Mateo,366,257,99,5,5,0,0,199,64,37,0,11,136,219,0
Santa Barbara,366,199,154,9,4,0,0,174,68,48,0,0,156,207,3
Santa Clara,366,174,172,11,9,0,0,198,81,52,0,3,107,256,0
Santa Cruz,366,261,85,6,10,1,3,624,68,39,0,0,138,228,0
Shasta,366,295,63,6,2,0,0,171,66,41,0,0,339,27,0
Siskiyou,366,272,71,10,9,2,2,468,66,39,0,0,210,156,0
Solano,366,183,167,9,6,1,0,228,77,51,0,0,125,240,1
Sonoma,366,290,69,1,6,0,0,199,57,36,0,1,166,192,7
Stanislaus,366,131,198,21,16,0,0,195,102,60,0,1,169,182,14
Sutter,366,162,173,15,13,2,1,356,90,53,0,0,140,222,4
Tehama,366,216,117,12,19,2,0,218,94,46,0,0,214,152,0
Trinity,343,215,100,12,13,3,0,211,81,36,0,0,0,343,0
Tulare,366,52,179,103,30,2,0,225,145,80,0,0,164,190,12
Tuolumne,353,277,71,5,0,0,0,143,64,41,0,0,353,0,0
Ventura,366,185,155,21,5,0,0,174,90,50,0,0,239,119,8
Yolo,366,215,123,14,13,1,0,209,86,45,0,1,168,197,0
Adams,366,192,162,11,1,0,0,151,74,49,0,60,163,97,46
Alamosa,119,112,7,0,0,0,0,65,40,14,0,0,0,119,0
Arapahoe,366,243,112,9,2,0,0,159,77,46,0,0,350,16,0
Archuleta,365,302,63,0,0,0,0,93,58,43,0,0,319,0,46
Boulder,366,173,172,19,2,0,0,181,84,51,0,0,213,152,1
Chaffee,69,37,29,3,0,0,0,101,84,50,0,0,69,0,0
Clear Creek,239,140,87,10,2,0,0,156,84,49,0,0,239,0,0
Delta,365,312,53,0,0,0,0,97,54,41,0,0,304,61,0
Denver,366,137,212,17,0,0,0,150,80,53,0,83,115,167,1
Douglas,361,221,123,14,3,0,0,159,80,47,0,0,285,76,0
El Paso,366,241,118,6,1,0,0,151,74,46,0,0,318,48,0
Fremont,17,17,0,0,0,0,0,27,20,11,0,0,0,0,17
Garfield,366,232,129,5,0,0,0,150,75,48,0,0,347,19,0
Gilpin,357,278,70,9,0,0,0,136,67,45,0,0,357,0,0
Grand,175,134,39,2,0,0,0,112,71,45,0,0,175,0,0
Gunnison,335,270,62,3,0,0,0,115,58,44,0,0,335,0,0
Jackson,81,73,8,0,0,0,0,85,41,7,0,0,0,81,0
Jefferson,366,231,108,23,4,0,0,161,90,46,0,0,366,0,0
La Plata,366,273,91,2,0,0,0,133,61,45,0,0,326,40,0
Larimer,366,197,147,20,2,0,0,159,89,49,0,0,291,75,0
Mesa,366,262,101,3,0,0,0,108,64,44,0,0,255,110,1
Montezuma,366,301,63,2,0,0,0,126,58,44,0,0,366,0,0
Park,343,187,146,8,2,0,0,161,74,50,0,0,343,0,0
Pitkin,120,116,4,0,0,0,0,72,34,12,0,0,0,52,68
Prowers,350,327,19,1,2,1,0,238,42,17,0,0,0,0,350
Pueblo,96,84,12,0,0,0,0,67,52,22,0,0,0,65,31
Rio Blanco,365,263,99,3,0,0,0,115,57,45,0,1,185,179,0
Routt,358,353,5,0,0,0,0,68,29,14,0,0,0,0,358
San Juan,119,115,4,0,0,0,0,73,31,9,0,0,0,119,0
San Miguel,247,155,90,2,0,0,0,136,67,48,0,0,191,0,56
Weld,366,166,187,13,0,0,0,140,84,52,0,1,223,142,0
Fairfield,366,217,136,12,1,0,0,161,80,47,0,6,150,210,0
Hartford,366,255,111,0,0,0,0,98,60,42,1,11,145,209,0
Litchfield,362,300,62,0,0,0,0,84,54,39,2,0,250,110,0
Middlesex,208,182,24,2,0,0,0,129,54,39,0,0,208,0,0
New Haven,366,210,143,11,2,0,0,174,77,46,1,7,158,198,2
New London,365,274,87,3,1,0,0,172,61,41,0,0,149,216,0
Tolland,206,192,14,0,0,0,0,93,48,39,0,0,206,0,0
Windham,356,345,11,0,0,0,0,87,44,35,0,0,356,0,0
BAJA CALIFORNIA NORTE,92,0,37,35,20,0,0,185,158,115,0,0,0,92,0
SONORA,146,125,20,1,0,0,0,101,64,41,0,0,146,0,0
Kent,362,296,66,0,0,0,0,80,54,39,0,0,208,154,0
New Castle,366,231,133,2,0,0,0,105,63,46,0,3,139,224,0
Sussex,366,286,80,0,0,0,0,87,56,42,0,0,190,176,0
District of Columbia,366,248,117,0,1,0,0,171,58,44,0,25,138,203,0
Alachua,366,274,91,1,0,0,0,105,56,42,0,0,100,266,0
Baker,363,283,78,2,0,0,0,140,55,40,0,0,137,226,0
Bay,363,210,151,2,0,0,0,146,62,47,0,0,92,271,0
Brevard,366,265,101,0,0,0,0,85,57,43,0,0,142,224,0
Broward,366,192,172,2,0,0,0,142,60,49,0,0,59,307,0
Citrus,359,241,117,1,0,0,0,125,59,43,0,0,0,359,0
Collier,364,267,97,0,0,0,0,87,58,41,0,0,73,291,0
Columbia,311,197,111,1,2,0,0,160,61,44,0,0,38,273,0
Duval,366,162,201,3,0,0,0,125,63,52,0,0,38,328,0
Escambia,360,176,184,0,0,0,0,82,63,51,0,0,82,278,0
Flagler,366,363,3,0,0,0,0,64,43,31,0,0,366,0,0
Hamilton,298,190,106,1,1,0,0,155,58,46,0,0,0,298,0
Highlands,358,345,13,0,0,0,0,74,44,31,0,0,358,0,0
Hillsborough,366,176,187,3,0,0,0,112,63,52,0,0,65,300,1
Holmes,363,221,139,3,0,0,0,138,59,47,0,0,56,307,0
Indian River,338,323,15,0,0,0,0,87,47,37,0,0,338,0,0
Lake,366,354,12,0,0,0,0,87,45,32,0,0,366,0,0
Lee,366,284,82,0,0,0,0,100,55,39,0,0,176,190,0
Leon,366,185,178,2,1,0,0,163,63,49,0,0,33,333,0
Liberty,358,356,2,0,0,0,0,51,44,31,0,0,358,0,0
Manatee,366,355,11,0,0,0,0,97,44,33,0,0,366,0,0
Marion,366,229,137,0,0,0,0,100,59,46,0,0,66,300,0
Martin,365,275,90,0,0,0,0,96,57,42,0,0,93,272,0
Miami-Dade,366,226,140,0,0,0,0,90,62,45,0,1,63,302,0
Nassau,43,35,8,0,0,0,0,57,53,42,0,0,0,43,0
Okaloosa,364,355,9,0,0,0,0,74,46,34,0,0,334,0,30
Orange,366,354,12,0,0,0,0,93,45,34,0,0,366,0,0
Osceola,366,354,12,0,0,0,0,90,44,32,0,0,366,0,0
Palm Beach,361,267,94,0,0,0,0,93,58,42,0,0,121,222,18
Pasco,366,355,11,0,0,0,0,77,46,35,0,0,366,0,0
Pinellas,366,226,140,0,0,0,0,100,60,46,0,0,76,290,0
Polk,365,252,113,0,0,0,0,87,59,42,0,0,105,258,2
Putnam,366,365,1,0,0,0,0,67,27,14,0,0,0,0,366
Santa Rosa,365,223,142,0,0,0,0,86,61,47,0,0,100,265,0
Sarasota,366,244,122,0,0,0,0,90,60,44,0,0,88,278,0
Seminole,365,287,78,0,0,0,0,84,55,40,0,0,135,227,3
St. Lucie,360,351,9,0,0,0,0,74,44,33,0,0,360,0,0
Volusia,362,252,110,0,0,0,0,77,56,44,0,0,116,246,0
Wakulla,363,265,96,0,2,0,0,164,58,41,4,0,102,257,0
Bibb,366,262,104,0,0,0,0,97,57,42,0,0,61,305,0
Charlton,120,111,8,1,0,0,0,139,45,26,0,0,0,120,0
Chatham,365,232,132,1,0,0,0,131,59,46,0,0,47,318,0
Chattooga,245,244,1,0,0,0,0,58,43,32,0,0,245,0,0
Clarke,366,249,117,0,0,0,0,99,59,44,0,0,80,286,0
Clayton,121,86,35,0,0,0,0,91,59,38,0,0,0,121,0
Cobb,285,243,42,0,0,0,0,91,54,36,0,0,195,90,0
Coffee,120,99,20,1,0,0,0,108,53,33,0,0,0,120,0
Columbia,241,239,2,0,0,0,0,51,44,31,0,0,241,0,0
Dawson,245,239,6,0,0,0,0,74,43,31,0,0,245,0,0
DeKalb,366,215,150,1,0,0,0,106,61,46,0,14,64,288,0
Dougherty,366,194,170,2,0,0,0,114,65,49,0,0,0,366,0
Douglas,245,238,7,0,0,0,0,77,44,32,0,0,245,0,0
Floyd,327,208,119,0,0,0,0,82,58,42,0,0,0,327,0
Fulton,366,166,198,2,0,0,0,125,66,52,0,3,37,326,0
Glynn,285,256,29,0,0,0,0,97,51,33,0,0,198,87,0
Gwinnett,364,246,117,1,0,0,0,101,60,43,0,0,95,269,0
Hall,360,221,139,0,0,0,0,99,60,44,0,0,0,360,0
Henry,366,291,75,0,0,0,0,96,55,36,0,0,116,250,0
Houston,363,202,160,1,0,0,0,114,62,47,0,0,0,363,0
Lowndes,202,143,58,1,0,0,0,141,60,40,0,0,0,202,0
Murray,272,257,15,0,0,0,0,61,46,34,0,0,227,45,0
Muscogee,366,257,108,1,0,0,0,101,59,42,0,0,84,282,0
Pike,354,351,3,0,0,0,0,64,44,33,0,0,354,0,0
Richmond,366,175,190,1,0,0,0,114,64,51,0,0,44,307,15
Rockdale,244,232,12,0,0,0,0,77,46,34,0,0,244,0,0
Sumter,240,237,3,0,0,0,0,64,44,32,0,0,240,0,0
Walker,177,118,59,0,0,0,0,86,58,41,0,0,0,177,0
Washington,354,230,122,2,0,0,0,112,59,43,0,0,0,354,0
Hawaii,366,352,14,0,0,0,0,83,41,23,0,0,0,366,0
Honolulu,366,363,3,0,0,0,0,63,38,28,0,1,229,133,3
Kauai,365,361,4,0,0,0,0,52,32,15,0,69,0,296,0
Maui,349,343,6,0,0,0,0,61,31,21,0,0,0,349,0
Ada,366,242,106,11,7,0,0,198,76,44,0,8,170,187,1
Bannock,362,284,72,2,4,0,0,165,61,38,0,0,135,165,62
Benewah,366,218,139,2,3,3,1,492,69,42,0,0,0,366,0
Blaine,365,323,34,6,2,0,0,172,53,19,0,0,0,365,0
Boise,366,199,155,6,5,1,0,223,72,46,0,0,0,366,0
Bonner,365,283,72,5,5,0,0,190,58,32,0,0,0,316,49
Bonneville,362,298,59,1,4,0,0,155,56,28,0,0,0,362,0
Butte,364,334,28,1,1,0,0,152,50,40,0,0,352,12,0
Canyon,366,210,140,10,6,0,0,158,76,42,0,0,0,352,14
Custer,115,105,7,3,0,0,0,126,38,7,0,0,0,115,0
Franklin,365,297,65,2,1,0,0,162,58,26,0,0,0,365,0
Idaho,366,244,113,3,5,1,0,209,64,40,0,0,127,239,0
Jerome,213,213,0,0,0,0,0,49,26,13,0,0,0,213,0
Kootenai,354,288,58,1,2,4,1,518,55,26,0,0,0,354,0
Latah,361,319,35,0,1,4,2,415,52,21,0,0,0,361,0
Lemhi,365,194,160,8,3,0,0,168,80,46,0,0,0,365,0
Nez Perce,366,279,76,4,0,6,1,475,63,28,0,0,0,366,0
Shoshone,366,221,138,0,3,3,1,440,68,41,0,0,0,364,2
Twin Falls,364,313,44,3,4,0,0,163,56,24,0,0,0,364,0
Valley,329,205,117,5,1,1,0,211,68,40,0,0,0,329,0
Adams,244,220,24,0,0,0,0,84,50,38,0,0,244,0,0
Champaign,366,250,114,2,0,0,0,126,61,44,0,0,156,210,0
Clark,363,347,16,0,0,0,0,97,45,31,0,0,363,0,0
Cook,366,86,260,16,4,0,0,164,84,58,0,5,73,263,25
DuPage,366,213,149,3,1,0,0,154,64,47,0,0,114,252,0
Effingham,166,156,10,0,0,0,0,84,48,37,0,0,166,0,0
Hamilton,353,223,129,1,0,0,0,118,61,46,0,0,94,259,0
Jersey,358,258,99,1,0,0,0,112,58,44,0,0,144,214,0
Jo Daviess,353,337,16,0,0,0,0,87,44,32,0,0,353,0,0
Kane,279,204,68,6,1,0,0,161,66,42,0,0,193,86,0
Lake,241,199,31,10,1,0,0,185,74,39,0,0,241,0,0
Macon,362,214,148,0,0,0,0,90,60,46,0,0,100,262,0
Macoupin,364,346,18,0,0,0,0,93,45,31,0,129,235,0,0
Madison,365,129,233,3,0,0,0,112,71,54,0,0,91,273,1
McHenry,334,192,133,9,0,0,0,147,62,47,0,0,107,227,0
McLean,364,207,154,3,0,0,0,136,61,48,0,0,111,253,0
Peoria,364,247,116,1,0,0,0,115,61,44,0,0,169,195,0
Randolph,366,243,121,2,0,0,0,103,59,44,0,0,113,253,0
Rock Island,355,234,120,1,0,0,0,102,61,43,0,0,109,246,0
Saint Clair,365,260,105,0,0,0,0,100,60,42,0,73,111,181,0
Sangamon,364,254,110,0,0,0,0,97,58,44,0,0,153,211,0
Will,363,183,176,3,1,0,0,156,64,50,0,0,79,284,0
Winnebago,366,205,160,1,0,0,0,101,64,47,0,0,84,282,0
Allen,366,232,132,2,0,0,0,120,61,45,0,0,150,216,0
Bartholomew,366,275,91,0,0,0,0,97,57,41,0,0,191,175,0
Boone,352,330,20,2,0,0,0,101,48,32,0,0,352,0,0
Brown,364,349,15,0,0,0,0,80,44,33,0,0,364,0,0
Carroll,364,352,12,0,0,0,0,100,44,31,0,0,364,0,0
Clark,366,186,180,0,0,0,0,92,62,50,0,0,77,289,0
Delaware,365,303,62,0,0,0,0,97,55,35,0,0,291,74,0
Dubois,123,78,45,0,0,0,0,71,59,44,0,0,0,121,2
Elkhart,366,254,110,0,2,0,0,161,58,42,0,0,139,227,0
Floyd,363,347,15,1,0,0,0,143,44,32,0,0,363,0,0
Greene,361,312,49,0,0,0,0,90,54,36,0,0,292,69,0
Hamilton,366,247,119,0,0,0,0,97,59,44,0,0,155,211,0
Hendricks,366,348,18,0,0,0,0,87,45,32,0,0,366,0,0
Henry,118,87,31,0,0,0,0,67,57,39,0,0,0,118,0
Howard,366,266,99,1,0,0,0,108,58,42,0,0,207,159,0
Knox,351,328,22,1,0,0,0,105,48,33,0,0,351,0,0
LaPorte,366,291,68,6,1,0,0,154,63,38,0,0,309,57,0
Lake,366,161,199,6,0,0,0,136,68,52,0,1,86,275,4
Madison,366,233,133,0,0,0,0,97,59,44,0,0,127,239,0
Marion,366,110,250,6,0,0,0,144,72,55,0,0,56,309,1
Monroe,357,240,117,0,0,0,0,72,57,41,0,0,0,357,0
Perry,366,352,13,1,0,0,0,105,45,34,0,0,366,0,0
Porter,366,247,113,5,1,0,0,151,61,43,0,0,193,165,8
Posey,355,336,18,1,0,0,0,112,45,31,0,0,355,0,0
Shelby,366,347,18,1,0,0,0,115,46,32,0,0,366,0,0
Spencer,122,80,42,0,0,0,0,67,58,42,0,0,0,122,0
St. Joseph,366,207,154,4,1,0,0,166,65,47,0,0,137,229,0
Sullivan,31,23,8,0,0,0,0,59,57,39,0,0,0,31,0
Tippecanoe,348,167,181,0,0,0,0,73,61,51,0,0,0,348,0
Vanderburgh,366,248,116,2,0,0,0,101,61,43,0,0,174,192,0
Vigo,366,223,142,1,0,0,0,112,61,46,0,0,135,231,0
Wabash,363,337,26,0,0,0,0,97,49,35,0,0,363,0,0
Warrick,366,347,17,2,0,0,0,112,47,33,0,0,366,0,0
Whitley,336,160,176,0,0,0,0,79,61,51,0,0,0,336,0
Black Hawk,366,239,127,0,0,0,0,92,59,42,0,0,0,366,0
Bremer,244,232,12,0,0,0,0,87,45,35,0,0,244,0,0
Cerro Gordo,122,120,2,0,0,0,0,60,37,18,0,0,0,0,122
Clinton,324,199,125,0,0,0,0,87,62,45,0,0,125,199,0
Harrison,242,223,19,0,0,0,0,87,49,37,0,0,242,0,0
Johnson,362,207,154,1,0,0,0,105,63,47,0,0,0,362,0
Lee,118,83,35,0,0,0,0,76,58,40,0,0,0,118,0
Linn,366,207,158,1,0,0,0,105,63,47,0,0,78,288,0
Montgomery,366,277,89,0,0,0,0,79,57,41,0,0,121,245,0
Muscatine,366,245,120,1,0,0,0,124,59,40,0,0,0,366,0
Palo Alto,366,273,93,0,0,0,0,87,57,40,0,0,151,215,0
Polk,366,261,103,0,2,0,0,199,59,42,0,4,125,237,0
Pottawattamie,124,85,39,0,0,0,0,80,58,41,0,0,0,121,3
Scott,366,173,190,2,1,0,0,156,66,52,0,0,73,215,78
Van Buren,366,281,85,0,0,0,0,87,55,39,0,0,148,218,0
Woodbury,122,92,30,0,0,0,0,81,56,39,0,0,0,122,0
Chase,121,110,11,0,0,0,0,63,47,24,0,0,0,121,0
Ford,302,297,5,0,0,0,0,79,29,11,0,0,0,0,302
Johnson,365,250,114,1,0,0,0,117,61,41,0,0,142,221,2
Leavenworth,366,356,10,0,0,0,0,77,44,32,0,0,366,0,0
Neosho,366,235,129,2,0,0,0,106,59,44,0,0,108,250,8
Sedgwick,366,296,67,3,0,0,0,114,56,40,0,3,251,104,8
Shawnee,366,227,135,2,2,0,0,169,61,44,0,0,128,235,3
Sherman,303,282,20,1,0,0,0,106,44,13,0,0,0,0,303
Sumner,366,231,132,3,0,0,0,117,63,45,0,0,123,229,14
Trego,365,307,57,1,0,0,0,147,54,38,0,0,260,96,9
Wyandotte,366,146,215,5,0,0,0,116,67,53,0,0,58,305,3
Bell,263,242,21,0,0,0,0,74,48,34,0,0,215,48,0
Boone,242,218,24,0,0,0,0,87,50,36,0,0,242,0,0
Boyd,366,285,81,0,0,0,0,89,57,41,0,2,115,248,1
Bullitt,240,224,15,1,0,0,0,115,48,37,0,0,240,0,0
Campbell,366,246,120,0,0,0,0,93,59,43,0,0,117,249,0
Carter,285,273,12,0,0,0,0,64,45,33,0,0,209,75,1
Christian,320,249,71,0,0,0,0,85,56,41,0,0,179,141,0
Daviess,366,254,111,1,0,0,0,105,59,43,0,1,126,239,0
Edmonson,365,350,15,0,0,0,0,64,46,33,4,0,323,38,0
Fayette,366,258,108,0,0,0,0,86,57,42,0,5,114,247,0
Greenup,243,241,2,0,0,0,0,61,44,33,0,0,243,0,0
Hancock,245,233,12,0,0,0,0,97,47,37,0,0,245,0,0
Hardin,366,268,98,0,0,0,0,80,56,43,0,0,125,241,0
Jefferson,366,151,208,7,0,0,0,115,64,52,0,3,89,274,0
Jessamine,243,232,11,0,0,0,0,77,47,37,0,0,243,0,0
Livingston,248,235,12,1,0,0,0,105,47,37,0,0,239,0,9
McCracken,366,239,126,1,0,0,0,111,61,44,0,4,102,260,0
Morgan,365,361,4,0,0,0,0,64,44,33,0,0,365,0,0
Oldham,239,218,21,0,0,0,0,97,49,38,0,0,239,0,0
Perry,364,278,86,0,0,0,0,99,55,39,0,0,97,267,0
Pike,365,310,55,0,0,0,0,93,53,37,0,0,111,254,0
Pulaski,283,246,37,0,0,0,0,77,52,38,0,0,196,87,0
Simpson,221,217,4,0,0,0,0,67,46,36,0,0,221,0,0
Trigg,362,350,12,0,0,0,0,84,45,34,0,0,362,0,0
Warren,366,237,129,0,0,0,0,97,58,44,0,0,76,290,0
Washington,364,352,12,0,0,0,0,77,46,34,0,0,364,0,0
Ascension,364,350,14,0,0,0,0,100,46,31,0,6,358,0,0
Bossier,362,269,92,1,0,0,0,105,58,40,0,0,172,184,6
Caddo,349,289,59,1,0,0,0,126,55,36,0,0,255,94,0
Calcasieu,349,179,169,1,0,0,0,116,64,49,0,2,96,251,0
East Baton Rouge,366,236,127,3,0,0,0,119,59,45,0,2,118,246,0
Iberville,366,306,57,3,0,0,0,136,56,38,0,0,302,64,0
Jefferson,366,280,86,0,0,0,0,87,59,40,0,1,184,181,0
Lafayette,364,203,160,1,0,0,0,120,62,45,0,0,124,240,0
Lafourche,366,212,153,1,0,0,0,115,61,48,0,0,71,295,0
Livingston,355,206,148,1,0,0,0,105,62,47,0,0,85,270,0
Orleans,366,297,69,0,0,0,0,90,55,33,2,65,0,293,6
Ouachita,362,324,37,1,0,0,0,111,51,34,0,0,289,73,0
Pointe Coupee,362,343,19,0,0,0,0,100,45,32,0,0,362,0,0
Rapides,121,95,25,1,0,0,0,103,56,34,0,0,0,121,0
St. Bernard,357,229,128,0,0,0,0,86,58,44,0,0,138,218,1
St. James,357,351,6,0,0,0,0,90,44,29,0,0,357,0,0
St. John the Baptist,351,341,10,0,0,0,0,80,45,31,0,0,351,0,0
St. Martin,358,337,21,0,0,0,0,87,48,33,0,0,358,0,0
St. Tammany,364,268,96,0,0,0,0,90,57,39,0,0,179,185,0
Tangipahoa,121,88,33,0,0,0,0,68,56,34,0,0,0,121,0
Terrebonne,120,92,28,0,0,0,0,77,56,36,0,0,0,120,0
West Baton Rouge,366,229,134,3,0,0,0,101,61,44,0,4,117,245,0
Androscoggin,360,327,33,0,0,0,0,70,49,34,0,0,141,217,2
Aroostook,366,316,49,0,0,1,0,205,53,36,0,0,187,164,15
Cumberland,366,263,103,0,0,0,0,97,58,42,0,6,149,210,1
Hancock,366,336,29,1,0,0,0,105,50,36,0,0,348,18,0
Kennebec,230,221,9,0,0,0,0,67,45,35,0,4,188,38,0
Knox,148,142,6,0,0,0,0,71,45,31,0,0,148,0,0
Oxford,324,299,25,0,0,0,0,69,47,36,0,0,177,147,0
Penobscot,363,338,25,0,0,0,0,76,47,33,0,0,184,177,2
Washington,353,351,2,0,0,0,0,61,44,33,0,0,344,9,0
York,235,223,12,0,0,0,0,87,47,39,0,0,235,0,0
Anne Arundel,262,235,25,2,0,0,0,108,51,39,0,0,240,0,22
Baltimore,365,257,106,2,0,0,0,105,59,43,0,12,177,176,0
Baltimore (City),363,293,70,0,0,0,0,97,56,38,0,57,120,185,1
Calvert,238,235,3,0,0,0,0,67,44,35,0,0,238,0,0
Carroll,242,225,17,0,0,0,0,84,49,39,0,0,242,0,0
Cecil,357,309,48,0,0,0,0,97,54,38,0,0,194,163,0
Charles,236,235,1,0,0,0,0,58,44,34,0,0,236,0,0
Dorchester,365,339,26,0,0,0,0,84,48,36,0,0,309,56,0
Frederick,237,217,20,0,0,0,0,90,49,40,0,0,237,0,0
Garrett,365,345,20,0,0,0,0,71,47,37,0,0,297,68,0
Harford,357,286,70,1,0,0,0,119,58,41,0,0,198,159,0
Howard,364,297,67,0,0,0,0,71,54,37,5,48,0,311,0
Kent,359,333,26,0,0,0,0,100,48,36,0,0,221,138,0
Montgomery,355,310,45,0,0,0,0,77,52,37,0,0,175,180,0
Prince George's,366,314,51,1,0,0,0,105,55,39,0,1,239,126,0
Washington,359,288,71,0,0,0,0,83,55,40,0,0,172,187,0
Barnstable,351,339,10,2,0,0,0,108,46,36,0,0,338,13,0
Berkshire,366,278,88,0,0,0,0,94,57,40,0,0,125,241,0
Bristol,366,250,113,3,0,0,0,119,58,42,0,0,219,147,0
Dukes,357,345,11,1,0,0,0,126,46,37,0,0,337,20,0
Essex,366,282,84,0,0,0,0,97,56,40,0,0,173,193,0
Franklin,365,246,119,0,0,0,0,96,60,43,0,0,110,255,0
Hampden,366,249,117,0,0,0,0,99,60,44,0,1,116,249,0
Hampshire,366,300,66,0,0,0,0,84,54,39,0,9,177,179,1
Middlesex,366,306,60,0,0,0,0,93,54,39,0,8,178,180,0
Norfolk,366,330,36,0,0,0,0,74,50,34,0,5,231,130,0
Plymouth,366,267,99,0,0,0,0,80,56,42,0,0,148,218,0
Suffolk,366,229,137,0,0,0,0,84,57,45,0,7,59,300,0
Worcester,366,257,109,0,0,0,0,90,58,43,0,6,120,240,0
Allegan,359,275,78,6,0,0,0,136,58,37,0,0,202,157,0
Bay,365,325,40,0,0,0,0,77,52,22,0,0,0,365,0
Benzie,262,244,16,1,1,0,0,164,47,36,0,0,262,0,0
Berrien,258,217,34,7,0,0,0,150,61,38,0,0,258,0,0
Cass,253,212,36,5,0,0,0,122,61,39,0,0,253,0,0
Clinton,256,244,12,0,0,0,0,93,46,34,0,0,256,0,0
Genesee,366,288,77,1,0,0,0,126,57,39,0,0,190,176,0
Huron,266,246,13,7,0,0,0,150,48,36,0,0,266,0,0
Ingham,366,296,69,0,1,0,0,151,56,37,0,7,190,169,0
Kalamazoo,323,239,78,6,0,0,0,115,61,41,0,0,149,174,0
Kent,365,267,90,7,1,0,0,154,62,39,0,0,220,145,0
Keweenaw,117,116,0,1,0,0,0,124,32,13,0,0,0,117,0
Lenawee,366,248,116,2,0,0,0,122,61,42,0,0,134,232,0
Macomb,299,252,35,12,0,0,0,126,63,36,0,0,251,48,0
Manistee,139,127,12,0,0,0,0,80,50,30,0,0,67,72,0
Mason,251,229,20,1,1,0,0,159,49,37,0,0,251,0,0
Missaukee,365,248,116,1,0,0,0,105,57,41,0,13,108,244,0
Monroe,61,58,3,0,0,0,0,66,40,17,0,0,0,0,61
Muskegon,248,210,32,6,0,0,0,143,64,37,0,0,248,0,0
Oakland,298,244,48,6,0,0,0,126,61,37,0,0,237,61,0
Ottawa,365,303,56,6,0,0,0,150,59,35,0,79,227,56,3
Schoolcraft,347,323,21,3,0,0,0,133,48,34,0,0,232,115,0
St. Clair,328,247,80,1,0,0,0,105,60,39,0,0,135,193,0
Tuscola,343,330,11,2,0,0,0,101,44,32,0,0,343,0,0
Washtenaw,366,236,124,5,1,0,0,160,61,43,0,0,150,216,0
Wayne,366,118,238,8,2,0,0,188,75,55,0,3,43,316,4
Wexford,356,341,15,0,0,0,0,100,44,33,0,0,356,0,0
Anoka,366,289,77,0,0,0,0,87,57,38,0,6,196,163,1
Becker,366,325,40,1,0,0,0,101,51,34,0,0,218,148,0
Beltrami,359,318,41,0,0,0,0,76,51,30,0,0,0,359,0
Carlton,354,347,7,0,0,0,0,84,42,25,0,0,188,166,0
Cass,346,316,30,0,0,0,0,78,46,22,0,0,0,346,0
Cook,345,340,5,0,0,0,0,59,28,13,0,0,0,345,0
Crow Wing,359,338,21,0,0,0,0,79,45,31,0,0,177,182,0
Dakota,366,260,105,1,0,0,0,135,57,40,0,4,0,362,0
Goodhue,210,201,9,0,0,0,0,87,46,35,0,0,210,0,0
Hennepin,366,206,158,1,1,0,0,158,61,48,0,9,12,289,56
Lake,365,344,21,0,0,0,0,71,46,34,0,0,156,209,0
Lyon,360,309,51,0,0,0,0,80,54,35,0,0,167,193,0
Mille Lacs,245,240,5,0,0,0,0,87,44,33,0,0,245,0,0
Olmsted,366,292,73,1,0,0,0,111,56,38,0,0,195,171,0
Ramsey,366,252,113,0,1,0,0,163,58,40,0,0,0,350,16
Saint Louis,366,279,86,1,0,0,0,104,55,40,0,0,119,240,7
Scott,365,307,57,1,0,0,0,121,54,35,0,0,183,182,0
Stearns,366,309,57,0,0,0,0,80,53,36,0,0,182,184,0
Washington,215,210,5,0,0,0,0,77,44,33,0,0,215,0,0
Winona,119,112,7,0,0,0,0,57,40,22,0,0,0,119,0
Wright,357,289,67,1,0,0,0,112,55,37,0,0,165,192,0
Bolivar,363,233,130,0,0,0,0,87,60,46,0,0,97,266,0
DeSoto,365,246,119,0,0,0,0,100,58,44,0,0,84,281,0
Forrest,361,196,165,0,0,0,0,97,63,48,0,0,0,361,0
Hancock,351,217,134,0,0,0,0,90,59,45,0,0,75,276,0
Harrison,352,179,172,1,0,0,0,101,63,49,0,0,49,303,0
Hinds,366,152,213,1,0,0,0,114,66,53,0,0,36,330,0
Jackson,356,204,152,0,0,0,0,84,59,47,0,1,71,284,0
Lauderdale,252,252,0,0,0,0,0,50,42,31,0,0,252,0,0
Lee,243,242,1,0,0,0,0,54,45,35,0,0,243,0,0
Yalobusha,348,345,3,0,0,0,0,51,42,31,0,0,348,0,0
Andrew,245,225,20,0,0,0,0,77,49,38,0,0,245,0,0
Boone,244,235,9,0,0,0,0,93,44,33,0,0,244,0,0
Buchanan,365,248,116,1,0,0,0,126,58,42,0,0,0,315,50
Callaway,245,234,11,0,0,0,0,87,45,35,0,0,245,0,0
Cass,362,300,60,2,0,0,0,105,54,39,0,0,171,191,0
Cedar,352,277,75,0,0,0,0,99,55,39,0,0,145,207,0
Clay,364,287,76,1,0,0,0,101,60,39,0,0,195,169,0
Clinton,245,226,19,0,0,0,0,87,48,37,0,0,245,0,0
Greene,364,268,95,1,0,0,0,116,57,40,0,0,124,234,6
Jackson,366,175,188,2,1,0,0,159,65,51,0,11,0,312,43
Jasper,366,320,46,0,0,0,0,82,52,35,0,0,212,0,154
Jefferson,365,250,113,2,0,0,0,141,59,43,0,0,119,238,8
Lincoln,245,228,16,1,0,0,0,108,48,37,0,0,245,0,0
Monroe,366,360,6,0,0,0,0,84,43,31,0,0,362,0,4
Perry,245,231,14,0,0,0,0,97,47,36,0,0,245,0,0
Saint Charles,245,216,25,4,0,0,0,112,54,39,0,0,245,0,0
Saint Louis,366,246,114,6,0,0,0,144,63,44,0,19,164,183,0
Sainte Genevieve,245,229,16,0,0,0,0,87,46,36,0,0,245,0,0
St. Louis City,366,137,224,4,1,0,0,156,70,54,0,6,64,269,27
Stoddard,63,54,9,0,0,0,0,66,54,26,0,0,0,63,0
Taney,122,113,9,0,0,0,0,62,48,22,0,0,0,122,0
Cascade,359,314,42,3,0,0,0,115,54,24,0,0,0,359,0
Fergus,366,330,33,1,2,0,0,159,50,39,0,1,307,58,0
Flathead,366,286,72,3,4,1,0,206,59,37,0,0,219,124,23
Gallatin,366,290,65,9,2,0,0,162,57,29,1,3,0,362,0
Lake,117,111,3,1,2,0,0,183,27,7,0,0,0,117,0
Lewis and Clark,366,277,84,1,4,0,0,168,60,42,0,0,230,136,0
Lincoln,366,175,182,2,4,1,2,403,75,52,0,0,0,364,2
Missoula,366,155,192,13,6,0,0,185,85,54,0,0,96,270,0
Phillips,366,296,68,2,0,0,0,140,68,36,0,0,252,82,32
Powder River,350,254,91,3,2,0,0,159,68,41,0,0,195,126,29
Powell,33,33,0,0,0,0,0,14,8,3,0,0,0,33,0
Ravalli,361,301,52,3,5,0,0,185,59,15,0,0,0,361,0
Richland,366,343,23,0,0,0,0,72,47,37,0,0,302,62,2
Roosevelt,77,74,3,0,0,0,0,60,34,12,0,0,0,77,0
Rosebud,366,321,40,3,2,0,0,154,53,37,0,12,254,61,39
Sanders,366,302,56,1,4,3,0,261,57,31,0,0,0,361,5
Sheridan,107,103,4,0,0,0,0,58,27,13,0,0,0,107,0
Silver Bow,366,289,69,5,3,0,0,181,61,22,0,0,0,247,119
Yellowstone,364,304,57,2,1,0,0,163,55,31,0,0,0,364,0
Cass,358,346,12,0,0,0,0,71,32,14,0,0,0,0,358
Douglas,366,267,97,1,1,0,0,157,57,42,2,0,133,222,9
Hall,338,296,42,0,0,0,0,87,53,26,0,0,0,338,0
Knox,365,341,24,0,0,0,0,84,48,35,0,0,365,0,0
Lancaster,282,261,21,0,0,0,0,77,48,35,0,0,204,78,0
Sarpy,316,227,87,2,0,0,0,149,57,39,0,0,0,316,0
Scotts Bluff,278,170,106,2,0,0,0,122,61,36,0,0,0,278,0
Thomas,115,109,6,0,0,0,0,74,36,14,0,0,0,115,0
Washington,110,93,17,0,0,0,0,75,53,31,0,0,0,110,0
Carson City,366,284,62,12,6,2,0,210,71,42,0,0,240,126,0
Churchill,363,336,25,2,0,0,0,147,50,40,0,0,363,0,0
Clark,366,92,249,22,3,0,0,174,93,65,0,6,205,145,10
Douglas,366,286,63,6,7,4,0,274,64,22,0,0,0,366,0
Elko,363,304,55,1,3,0,0,169,57,30,0,0,133,12,218
Lyon,356,308,39,5,3,0,1,328,59,38,0,0,302,0,54
Nye,366,343,20,1,2,0,0,200,40,21,0,0,0,0,366
Washoe,366,193,149,11,11,2,0,265,85,50,0,3,217,139,7
White Pine,361,294,64,3,0,0,0,136,64,44,0,0,358,3,0
Belknap,359,342,17,0,0,0,0,65,45,32,0,0,168,191,0
Cheshire,366,299,67,0,0,0,0,78,55,37,0,0,173,193,0
Coos,366,339,27,0,0,0,0,74,50,43,0,0,366,0,0
Grafton,366,344,22,0,0,0,0,70,45,35,0,0,269,97,0
Hillsborough,366,351,15,0,0,0,0,90,46,37,0,0,337,29,0
Merrimack,213,209,4,0,0,0,0,74,44,38,0,0,213,0,0
Rockingham,366,296,70,0,0,0,0,90,56,41,0,0,201,165,0
Atlantic,359,286,73,0,0,0,0,90,55,37,0,0,170,189,0
Bergen,364,228,133,3,0,0,0,119,63,43,3,45,120,196,0
Camden,366,219,147,0,0,0,0,87,63,46,0,4,126,236,0
Cumberland,365,251,114,0,0,0,0,72,57,44,0,3,130,232,0
Essex,366,226,139,1,0,0,0,127,62,44,1,28,118,219,0
Gloucester,253,223,29,1,0,0,0,101,54,38,0,0,192,61,0
Hudson,366,259,107,0,0,0,0,90,59,39,0,51,136,179,0
Hunterdon,364,265,99,0,0,0,0,87,57,41,0,0,169,195,0
Mercer,366,262,101,3,0,0,0,112,58,42,0,0,182,184,0
Middlesex,366,257,108,1,0,0,0,112,58,41,0,6,155,205,0
Monmouth,226,209,17,0,0,0,0,93,48,37,0,0,226,0,0
Morris,366,341,25,0,0,0,0,84,48,35,0,8,334,24,0
Ocean,356,290,66,0,0,0,0,84,55,38,0,0,154,202,0
Passaic,262,245,17,0,0,0,0,100,47,37,0,0,243,19,0
Union,366,198,167,1,0,0,0,111,61,48,2,42,0,322,0
Warren,361,287,74,0,0,0,0,100,56,38,0,23,136,202,0
Bernalillo,366,105,252,7,1,1,0,214,78,57,0,0,169,132,65
Catron,115,109,6,0,0,0,0,81,41,13,0,0,0,115,0
Chaves,119,108,11,0,0,0,0,78,49,23,0,0,0,119,0
Dona Ana,366,144,201,15,3,1,2,389,88,54,0,5,209,82,70
Eddy,364,244,109,11,0,0,0,115,80,46,0,0,352,12,0
Lea,366,310,56,0,0,0,0,79,54,40,0,5,282,79,0
Lincoln,115,113,2,0,0,0,0,57,37,14,0,0,0,115,0
Los Alamos,117,113,4,0,0,0,0,58,25,13,0,0,0,117,0
Luna,354,335,18,0,0,0,1,353,40,19,0,0,0,0,354
Rio Arriba,362,313,49,0,0,0,0,90,54,44,0,0,361,1,0
San Juan,366,265,96,5,0,0,0,109,64,45,0,0,364,0,2
Sandoval,358,271,82,5,0,0,0,119,61,44,0,0,358,0,0
Santa Fe,366,287,78,1,0,0,0,101,58,44,0,0,333,33,0
Socorro,111,107,4,0,0,0,0,56,37,14,0,0,0,111,0
Taos,360,310,50,0,0,0,0,68,53,27,0,0,0,360,0
Valencia,359,283,74,2,0,0,0,105,61,44,0,0,359,0,0
Albany,365,235,127,3,0,0,0,143,60,42,0,0,115,250,0
Bronx,366,229,136,1,0,0,0,108,64,45,0,15,122,229,0
Chautauqua,363,332,31,0,0,0,0,93,49,36,0,0,337,26,0
Dutchess,331,322,9,0,0,0,0,87,45,35,0,0,331,0,0
Erie,366,278,86,0,2,0,0,157,57,41,0,2,160,204,0
Essex,365,344,21,0,0,0,0,80,48,39,0,0,349,16,0
Hamilton,357,354,3,0,0,0,0,54,44,34,0,0,357,0,0
Jefferson,360,345,15,0,0,0,0,90,44,33,0,0,360,0,0
Kings,365,300,65,0,0,0,0,80,55,30,0,0,0,365,0
Monroe,366,275,91,0,0,0,0,81,58,41,0,0,172,194,0
Nassau,361,317,44,0,0,0,0,75,52,27,0,0,0,361,0
New York,366,258,107,1,0,0,0,108,61,40,2,0,174,190,0
Niagara,359,340,19,0,0,0,0,87,46,34,0,0,359,0,0
Oneida,349,324,25,0,0,0,0,81,48,21,0,0,0,349,0
Onondaga,364,300,64,0,0,0,0,74,54,37,0,0,210,154,0
Orange,366,307,59,0,0,0,0,97,54,38,0,0,208,158,0
Oswego,359,349,10,0,0,0,0,58,44,33,0,0,359,0,0
Putnam,314,308,6,0,0,0,0,64,44,33,0,0,314,0,0
Queens,366,258,105,3,0,0,0,140,64,43,0,25,170,171,0
Richmond,364,280,82,2,0,0,0,108,57,39,0,0,175,189,0
Rockland,366,319,47,0,0,0,0,93,53,36,0,0,251,115,0
Saratoga,319,315,4,0,0,0,0,61,44,33,0,0,319,0,0
Steuben,365,330,35,0,0,0,0,81,49,36,0,0,249,116,0
Suffolk,366,282,78,6,0,0,0,133,63,40,0,0,248,118,0
Tompkins,364,359,5,0,0,0,0,64,44,34,0,0,364,0,0
Wayne,327,305,22,0,0,0,0,80,46,34,0,0,327,0,0
Westchester,363,305,57,1,0,0,0,105,55,38,0,0,253,110,0
Alexander,300,297,3,0,0,0,0,54,45,33,0,0,243,0,57
Avery,366,350,16,0,0,0,0,80,47,38,0,0,352,14,0
Buncombe,363,329,34,0,0,0,0,97,50,34,0,0,154,209,0
Caldwell,243,243,0,0,0,0,0,50,44,34,0,0,243,0,0
Carteret,362,359,3,0,0,0,0,61,43,34,0,0,362,0,0
Caswell,354,349,5,0,0,0,0,61,44,31,0,0,241,0,113
Catawba,357,247,110,0,0,0,0,95,58,42,0,0,0,357,0
Cumberland,363,280,83,0,0,0,0,83,56,39,0,0,120,240,3
Davidson,329,206,123,0,0,0,0,96,60,43,0,0,0,329,0
Durham,364,276,88,0,0,0,0,97,55,40,0,0,111,252,1
Edgecombe,336,287,49,0,0,0,0,95,53,35,0,0,135,201,0
Forsyth,366,233,133,0,0,0,0,97,60,45,0,2,113,251,0
Graham,238,223,15,0,0,0,0,97,49,40,0,0,238,0,0
Granville,238,237,1,0,0,0,0,51,46,36,0,0,238,0,0
Guilford,365,288,77,0,0,0,0,88,55,40,0,0,147,214,4
Haywood,272,244,28,0,0,0,0,93,51,41,0,0,242,30,0
Hyde,114,108,6,0,0,0,0,58,37,21,0,0,0,114,0
Jackson,111,96,15,0,0,0,0,71,52,32,0,0,0,111,0
Johnston,339,266,73,0,0,0,0,75,55,39,0,0,136,203,0
Lenoir,296,290,6,0,0,0,0,58,45,32,0,0,238,0,58
Lincoln,243,241,2,0,0,0,0,71,45,35,0,0,243,0,0
Macon,360,358,2,0,0,0,0,64,41,29,0,0,360,0,0
Martin,240,240,0,0,0,0,0,49,42,33,0,0,240,0,0
Mecklenburg,366,213,151,2,0,0,0,112,59,46,0,0,119,247,0
Mitchell,356,328,27,1,0,0,0,103,48,26,0,0,0,356,0
Montgomery,366,281,85,0,0,0,0,85,55,40,0,0,107,259,0
New Hanover,357,328,29,0,0,0,0,77,48,34,0,0,210,147,0
Northampton,360,303,57,0,0,0,0,90,53,29,0,41,0,319,0
Person,240,240,0,0,0,0,0,50,44,34,0,0,240,0,0
Pitt,361,313,48,0,0,0,0,95,52,36,0,0,152,209,0
Rockingham,243,238,5,0,0,0,0,54,47,36,0,0,243,0,0
Rowan,365,253,112,0,0,0,0,90,57,43,0,0,160,205,0
Swain,362,301,60,1,0,0,0,119,53,38,0,0,136,226,0
Union,242,242,0,0,0,0,0,50,44,31,0,0,242,0,0
Wake,365,222,142,1,0,0,0,101,61,46,1,1,94,269,0
Yancey,244,204,39,1,0,0,0,105,58,44,0,0,244,0,0
Billings,366,346,20,0,0,0,0,65,46,35,0,0,307,59,0
Burke,366,340,26,0,0,0,0,73,47,35,0,0,244,119,3
Burleigh,366,302,64,0,0,0,0,77,55,37,0,2,146,216,2
Cass,363,303,60,0,0,0,0,80,53,37,0,6,188,169,0
Dunn,366,347,19,0,0,0,0,62,46,34,0,0,311,55,0
McKenzie,363,346,17,0,0,0,0,66,44,34,0,1,306,56,0
Mercer,366,328,38,0,0,0,0,78,51,36,0,4,241,121,0
Oliver,366,330,36,0,0,0,0,74,50,36,0,0,273,93,0
Ward,366,344,22,0,0,0,0,73,44,35,0,1,253,112,0
Adams,287,215,72,0,0,0,0,83,55,39,0,0,0,287,0
Allen,360,289,70,1,0,0,0,105,57,40,0,0,202,158,0
Ashtabula,241,224,17,0,0,0,0,93,47,37,0,0,241,0,0
Athens,86,73,13,0,0,0,0,65,52,32,0,0,0,86,0
Belmont,366,347,19,0,0,0,0,69,40,13,0,274,0,87,5
Butler,366,279,84,3,0,0,0,126,61,41,0,0,286,78,2
Clark,343,218,124,1,0,0,0,108,61,44,0,0,145,198,0
Clermont,361,296,65,0,0,0,0,100,54,39,0,0,171,190,0
Clinton,229,205,24,0,0,0,0,97,54,39,0,0,229,0,0
Columbiana,48,48,0,0,0,0,0,31,20,10,0,0,0,0,48
Cuyahoga,366,148,208,9,1,0,0,152,70,54,0,0,95,267,4
Delaware,244,222,21,1,0,0,0,101,50,38,0,0,244,0,0
Fayette,341,318,23,0,0,0,0,80,49,35,0,0,341,0,0
Franklin,366,232,132,2,0,0,0,102,61,45,0,3,131,232,0
Geauga,245,214,31,0,0,0,0,100,61,41,0,0,245,0,0
Greene,245,220,25,0,0,0,0,93,51,39,0,0,245,0,0
Hamilton,366,105,254,7,0,0,0,126,71,55,0,4,69,293,0
Harrison,304,295,9,0,0,0,0,56,30,1,259,0,0,41,4
Jefferson,359,263,95,1,0,0,0,112,61,42,0,0,159,199,1
Knox,245,226,19,0,0,0,0,80,49,38,0,0,245,0,0
Lake,366,296,64,6,0,0,0,140,57,40,0,0,173,191,2
Lawrence,354,279,75,0,0,0,0,77,56,40,0,0,149,205,0
Licking,245,230,15,0,0,0,0,77,48,37,0,0,245,0,0
Lorain,358,289,68,0,1,0,0,155,55,39,0,0,136,222,0
Lucas,354,250,96,8,0,0,0,136,65,42,0,0,156,198,0
Madison,245,220,25,0,0,0,0,84,51,39,0,0,245,0,0
Mahoning,365,251,113,1,0,0,0,142,58,43,0,0,92,273,0
Medina,360,280,80,0,0,0,0,93,56,38,0,0,145,215,0
Miami,229,217,12,0,0,0,0,93,49,39,0,0,229,0,0
Montgomery,361,177,180,4,0,0,0,112,67,51,0,0,109,252,0
Noble,356,331,25,0,0,0,0,87,47,36,0,0,333,23,0
Portage,262,226,35,1,0,0,0,101,58,40,0,0,233,29,0
Preble,366,262,103,1,0,0,0,101,58,42,0,0,174,192,0
Scioto,366,347,19,0,0,0,0,93,39,14,0,0,0,96,270
Stark,358,202,152,4,0,0,0,119,65,47,0,0,110,248,0
Summit,361,193,165,3,0,0,0,114,63,48,0,0,68,293,0
Trumbull,357,280,74,2,1,0,0,154,57,40,0,0,186,171,0
Warren,361,248,109,4,0,0,0,115,61,44,0,0,162,199,0
Washington,245,233,11,1,0,0,0,108,48,38,0,0,245,0,0
Wood,229,216,13,0,0,0,0,80,46,34,0,0,229,0,0
Adair,363,297,65,0,1,0,0,152,55,36,1,0,168,189,5
Canadian,358,332,26,0,0,0,0,84,49,36,0,0,358,0,0
Carter,345,201,143,1,0,0,0,147,67,47,0,0,126,219,0
Cleveland,354,175,177,2,0,0,0,121,67,51,0,0,106,248,0
Comanche,366,262,103,1,0,0,0,107,60,44,0,0,172,194,0
Creek,363,350,13,0,0,0,0,93,47,35,0,0,363,0,0
Dewey,365,266,99,0,0,0,0,99,61,43,0,0,171,194,0
Grant,106,94,12,0,0,0,0,69,52,26,0,0,0,106,0
Johnston,289,267,22,0,0,0,0,97,49,38,0,0,289,0,0
Kay,366,171,193,2,0,0,0,113,62,51,0,0,39,327,0
Mayes,258,255,3,0,0,0,0,51,44,34,0,0,258,0,0
Oklahoma,366,147,215,4,0,0,0,112,70,53,0,3,110,251,2
Osage,350,322,28,0,0,0,0,90,49,36,0,0,350,0,0
Ottawa,352,202,148,1,1,0,0,154,65,46,0,0,44,287,21
Pittsburg,366,230,135,1,0,0,0,141,60,44,0,0,138,228,0
Sequoyah,362,304,57,1,0,0,0,141,54,37,0,5,166,191,0
Tulsa,366,200,164,2,0,0,0,129,62,49,0,0,113,249,4
Washington,344,232,111,1,0,0,0,101,60,43,0,0,145,199,0
Baker,366,282,77,2,3,2,0,225,57,33,0,0,0,366,0
Benton,366,313,42,0,1,7,3,541,56,23,0,0,0,366,0
Clackamas,272,238,25,3,2,0,4,481,53,33,0,0,126,146,0
Columbia,363,332,22,1,2,6,0,293,49,28,0,0,105,258,0
Crook,365,261,97,0,1,3,3,1033,65,28,0,0,0,365,0
Deschutes,366,298,54,4,2,1,7,1099,61,23,0,0,0,366,0
Douglas,366,278,78,1,1,2,6,902,62,29,0,0,0,366,0
Grant,364,196,161,1,5,0,1,393,70,44,0,0,0,364,0
Harney,366,211,144,2,7,1,1,357,75,42,0,0,0,366,0
Jackson,366,218,133,2,4,3,6,900,73,44,0,0,116,250,0
Jefferson,361,258,92,3,0,3,5,1135,64,28,0,0,0,361,0
Josephine,366,228,112,4,14,1,7,763,76,35,0,0,0,366,0
Klamath,366,172,148,23,20,1,2,763,124,52,0,0,0,364,2
Lake,365,267,80,14,4,0,0,166,70,29,0,0,0,305,60
Lane,366,203,149,4,0,2,8,1000,78,46,0,0,66,296,4
Linn,366,245,110,0,0,3,8,853,67,36,0,0,0,366,0
Marion,365,278,76,1,0,1,9,1272,63,36,0,0,124,241,0
Multnomah,366,275,82,1,0,2,6,779,63,36,0,1,200,165,0
Umatilla,366,273,85,0,1,2,5,738,60,38,0,0,113,253,0
Union,366,300,57,1,4,3,1,326,56,27,0,0,0,366,0
Wallowa,366,288,71,0,6,1,0,222,58,27,0,0,0,366,0
Wasco,355,307,45,0,0,0,3,599,54,24,0,0,0,355,0
Washington,366,265,91,2,0,2,6,595,61,34,0,4,122,240,0
Adams,366,280,86,0,0,0,0,88,58,42,0,0,220,146,0
Allegheny,366,138,218,10,0,0,0,128,77,54,0,0,84,280,2
Armstrong,366,246,117,3,0,0,0,122,58,43,0,0,156,210,0
Beaver,366,205,160,1,0,0,0,142,64,48,0,0,138,228,0
Berks,362,227,134,1,0,0,0,102,63,44,0,0,148,214,0
Blair,360,262,98,0,0,0,0,87,60,43,0,0,162,198,0
Bradford,358,301,57,0,0,0,0,84,53,39,0,0,203,155,0
Bucks,351,331,16,4,0,0,0,115,46,33,0,0,351,0,0
Cambria,366,228,138,0,0,0,0,90,60,44,1,0,107,258,0
Centre,366,287,79,0,0,0,0,91,57,41,0,0,207,159,0
Chester,355,233,121,1,0,0,0,143,59,44,0,0,119,236,0
Clearfield,343,341,2,0,0,0,0,54,42,31,0,0,343,0,0
Cumberland,363,236,125,2,0,0,0,137,61,44,0,0,0,363,0
Dauphin,366,219,144,3,0,0,0,116,65,46,0,0,126,240,0
Delaware,366,174,189,3,0,0,0,129,67,52,0,1,84,281,0
Elk,358,356,2,0,0,0,0,67,44,34,0,0,358,0,0
Erie,363,298,65,0,0,0,0,87,54,36,3,0,201,159,0
Fayette,363,265,98,0,0,0,0,100,55,42,0,0,148,215,0
Franklin,363,363,0,0,0,0,0,50,42,32,0,0,363,0,0
Greene,359,294,64,1,0,0,0,101,53,39,0,0,198,161,0
Indiana,351,320,30,1,0,0,0,112,49,37,0,0,315,36,0
Lackawanna,366,295,71,0,0,0,0,83,55,40,0,15,197,154,0
Lancaster,366,177,184,4,1,0,0,153,66,51,0,0,91,274,1
Lawrence,363,354,9,0,0,0,0,93,43,31,0,0,363,0,0
Lebanon,170,116,53,1,0,0,0,115,60,41,0,0,1,169,0
Lehigh,359,262,97,0,0,0,0,93,58,41,0,0,169,186,4
Luzerne,356,354,2,0,0,0,0,54,43,31,0,0,308,0,48
Lycoming,366,283,82,1,0,0,0,109,56,41,0,0,188,178,0
Mercer,366,272,93,1,0,0,0,105,58,41,0,0,190,176,0
Monroe,357,355,2,0,0,0,0,80,44,33,0,0,357,0,0
Montgomery,366,269,97,0,0,0,0,99,60,43,0,0,181,185,0
Northampton,365,260,104,1,0,0,0,117,59,41,0,4,155,206,0
Philadelphia,366,212,149,5,0,0,0,119,63,47,0,17,111,238,0
Somerset,365,357,8,0,0,0,0,71,44,34,0,0,365,0,0
Susquehanna,365,311,54,0,0,0,0,74,52,31,0,0,0,365,0
Tioga,352,298,54,0,0,0,0,81,53,39,0,0,232,120,0
Washington,366,221,145,0,0,0,0,100,61,46,0,1,135,230,0
Westmoreland,362,281,81,0,0,0,0,83,55,39,0,0,164,198,0
Wyoming,361,300,61,0,0,0,0,79,53,33,0,0,0,361,0
York,366,221,145,0,0,0,0,97,62,46,0,11,102,253,0
Adjuntas,57,52,5,0,0,0,0,63,50,18,0,0,0,57,0
Bayamon,270,259,11,0,0,0,0,69,38,21,125,0,91,54,0
Caguas,318,306,12,0,0,0,0,72,27,10,144,113,0,61,0
Catano,271,207,52,5,6,0,1,332,64,28,0,0,104,104,63
Fajardo,52,44,8,0,0,0,0,82,57,27,0,0,0,52,0
Guayama,34,26,8,0,0,0,0,82,63,31,0,0,0,34,0
Guaynabo,83,68,15,0,0,0,0,75,59,29,1,19,0,63,0
Juncos,348,338,4,5,1,0,0,174,16,9,0,0,348,0,0
Mayagnez,319,266,49,1,1,1,1,396,57,22,0,0,125,194,0
Ponce,360,319,41,0,0,0,0,81,52,23,36,0,0,55,269
San Juan,216,216,0,0,0,0,0,39,32,9,216,0,0,0,0
Kent,358,326,31,1,0,0,0,133,49,34,0,0,175,183,0
Providence,366,226,138,2,0,0,0,112,59,45,0,2,104,260,0
Washington,366,327,37,1,1,0,0,154,51,35,0,0,202,164,0
Aiken,259,258,1,0,0,0,0,71,44,32,0,0,259,0,0
Anderson,265,257,8,0,0,0,0,71,46,35,0,0,265,0,0
Berkeley,220,219,1,0,0,0,0,51,43,31,0,0,220,0,0
Charleston,366,264,101,1,0,0,0,117,57,43,0,0,58,308,0
Chesterfield,346,287,59,0,0,0,0,91,53,39,0,0,147,199,0
Darlington,253,253,0,0,0,0,0,49,42,32,0,0,253,0,0
Edgefield,366,307,58,1,0,0,0,115,53,37,0,0,156,210,0
Florence,352,290,62,0,0,0,0,95,53,37,0,0,0,352,0
Greenville,366,234,131,1,0,0,0,116,60,44,0,1,133,232,0
Horry,214,214,0,0,0,0,0,50,44,32,0,0,214,0,0
Lexington,365,263,101,1,0,0,0,111,55,39,0,0,0,352,13
Richland,366,289,76,1,0,0,0,117,55,40,0,1,146,219,0
Spartanburg,366,232,132,2,0,0,0,112,58,45,0,0,103,263,0
York,366,303,63,0,0,0,0,93,53,39,0,0,156,210,0
Brookings,366,305,61,0,0,0,0,87,55,39,0,0,281,52,33
Brown,364,308,56,0,0,0,0,78,54,28,0,0,0,258,106
Codington,366,293,72,1,0,0,0,101,55,38,0,0,156,167,43
Custer,366,323,41,2,0,0,0,119,54,41,0,0,348,17,1
Hughes,355,332,23,0,0,0,0,79,40,19,0,0,0,355,0
Jackson,366,324,42,0,0,0,0,90,52,39,0,0,319,45,2
Meade,364,342,22,0,0,0,0,84,47,38,0,0,350,0,14
Minnehaha,366,298,68,0,0,0,0,90,56,38,0,2,205,151,8
Pennington,366,264,102,0,0,0,0,92,64,35,0,27,0,197,142
Union,366,304,61,1,0,0,0,141,56,39,0,0,209,139,18
Anderson,245,238,7,0,0,0,0,64,46,35,0,0,245,0,0
Blount,366,273,93,0,0,0,0,93,56,42,0,0,183,183,0
Claiborne,345,343,2,0,0,0,0,51,44,32,0,0,345,0,0
Davidson,366,190,174,2,0,0,0,116,62,50,0,4,71,291,0
DeKalb,341,336,5,0,0,0,0,61,44,33,0,0,341,0,0
Dyer,351,293,57,1,0,0,0,117,53,31,0,0,0,351,0
Hamilton,364,219,144,0,1,0,0,151,61,46,0,0,92,272,0
Jefferson,240,232,8,0,0,0,0,74,48,37,0,0,240,0,0
Knox,366,233,133,0,0,0,0,91,60,44,0,0,85,281,0
Lawrence,359,325,34,0,0,0,0,75,49,26,0,0,0,359,0
Loudon,366,299,67,0,0,0,0,97,54,38,0,0,136,230,0
Madison,354,304,49,1,0,0,0,108,53,33,0,0,0,354,0
Maury,351,302,49,0,0,0,0,92,53,29,0,0,0,351,0
McMinn,358,280,78,0,0,0,0,89,55,37,0,0,0,358,0
Montgomery,359,288,69,2,0,0,0,116,54,35,0,0,0,359,0
Putnam,359,310,48,1,0,0,0,105,52,31,0,0,0,359,0
Roane,338,272,66,0,0,0,0,92,55,35,0,0,0,338,0
Sevier,363,336,26,1,0,0,0,105,49,40,0,0,363,0,0
Shelby,366,158,207,0,1,0,0,153,65,52,0,0,72,294,0
Sullivan,366,314,52,0,0,0,0,80,52,36,0,0,161,205,0
Sumner,360,273,86,1,0,0,0,121,56,41,0,0,137,223,0
Williamson,241,231,10,0,0,0,0,71,47,37,0,0,241,0,0
Wilson,245,240,5,0,0,0,0,64,45,33,0,0,245,0,0
Atascosa,214,149,64,0,1,0,0,158,65,38,0,0,0,214,0
Bell,366,236,129,1,0,0,0,135,63,44,0,0,193,173,0
Bexar,366,119,237,9,1,0,0,160,80,55,0,0,110,255,1
Bowie,358,193,164,1,0,0,0,127,61,48,0,0,0,358,0
Brazoria,365,328,34,2,1,0,0,182,51,33,0,11,354,0,0
Brazos,303,210,93,0,0,0,0,99,57,40,0,0,0,303,0
Brewster,360,314,46,0,0,0,0,80,52,41,0,0,278,82,0
Cameron,366,158,199,6,3,0,0,184,74,52,0,0,64,302,0
Collin,365,317,45,2,1,0,0,154,54,37,0,0,365,0,0
Culberson,201,125,69,7,0,0,0,112,80,46,0,0,117,84,0
Dallas,366,218,142,6,0,0,0,135,69,46,0,17,161,187,1
Denton,366,245,113,8,0,0,0,142,71,44,0,3,223,140,0
Ector,346,271,75,0,0,0,0,96,57,36,0,0,0,346,0
El Paso,366,95,252,17,2,0,0,192,89,59,0,6,151,181,28
Ellis,366,239,126,1,0,0,0,125,61,45,0,2,137,227,0
Galveston,360,238,119,3,0,0,0,143,66,44,0,1,198,159,2
Gregg,363,357,6,0,0,0,0,74,44,31,0,10,353,0,0
Harris,366,109,240,15,2,0,0,190,82,56,0,5,94,266,1
Harrison,363,264,99,0,0,0,0,100,57,40,0,0,108,255,0
Hidalgo,366,222,139,3,2,0,0,157,69,44,0,0,78,288,0
Hood,357,330,27,0,0,0,0,100,48,33,0,0,357,0,0
Hunt,366,351,15,0,0,0,0,87,45,32,0,2,364,0,0
Jefferson,363,219,142,2,0,0,0,122,65,46,0,0,148,215,0
Johnson,349,320,27,2,0,0,0,105,50,34,0,0,349,0,0
Karnes,363,363,0,0,0,0,0,32,17,6,0,363,0,0,0
Kaufman,366,260,105,1,0,0,0,134,60,42,0,3,171,192,0
Kleberg,330,181,143,4,2,0,0,174,70,46,0,0,0,330,0
Lubbock,352,311,41,0,0,0,0,83,52,26,0,0,0,352,0
Maverick,347,254,92,0,1,0,0,164,61,36,0,0,0,347,0
McLennan,366,294,72,0,0,0,0,97,54,39,0,0,231,135,0
Montgomery,366,219,139,8,0,0,0,129,64,44,0,1,142,223,0
Navarro,366,257,107,2,0,0,0,113,58,42,0,2,139,225,0
Nueces,366,227,137,0,2,0,0,162,67,46,0,0,135,231,0
Orange,362,223,137,2,0,0,0,103,62,44,0,0,124,238,0
Parker,362,331,30,1,0,0,0,115,50,35,0,0,362,0,0
Polk,360,351,9,0,0,0,0,71,43,31,0,0,360,0,0
Potter,341,307,34,0,0,0,0,85,50,26,0,0,0,341,0
Randall,357,277,80,0,0,0,0,90,64,42,0,0,357,0,0
Rockwall,363,345,17,1,0,0,0,133,45,32,0,0,363,0,0
Smith,366,352,14,0,0,0,0,84,46,33,0,3,363,0,0
Tarrant,366,163,187,13,3,0,0,159,77,52,0,7,131,228,0
Travis,366,182,182,1,1,0,0,154,66,51,0,3,95,267,1
Victoria,329,308,21,0,0,0,0,100,47,31,0,0,329,0,0
Webb,366,217,146,2,1,0,0,163,68,47,0,0,97,269,0
Wilson,365,365,0,0,0,0,0,34,18,7,0,365,0,0,0
Box Elder,355,316,36,3,0,0,0,147,51,40,0,27,328,0,0
Cache,366,205,152,5,4,0,0,162,72,48,0,0,170,179,17
Carbon,350,308,42,0,0,0,0,93,51,43,0,2,348,0,0
Davis,366,217,135,13,1,0,0,157,78,46,0,33,187,146,0
Duchesne,366,239,122,5,0,0,0,125,68,46,0,0,259,107,0
Garfield,365,331,34,0,0,0,0,74,50,42,0,0,361,4,0
Iron,366,312,54,0,0,0,0,88,53,41,0,20,273,73,0
Salt Lake,366,143,200,21,1,1,0,214,93,54,0,21,164,177,4
San Juan,363,294,67,2,0,0,0,119,58,43,0,0,360,3,0
Tooele,366,253,108,4,1,0,0,162,70,43,0,1,235,130,0
Uintah,366,201,160,5,0,0,0,133,72,50,0,0,308,58,0
Utah,366,199,162,5,0,0,0,150,80,48,0,1,201,163,1
Washington,366,276,87,3,0,0,0,112,63,44,0,0,318,48,0
Wayne,116,111,5,0,0,0,0,70,37,10,0,0,0,116,0
Weber,366,228,132,6,0,0,0,140,74,45,0,37,221,101,7
Bennington,366,330,36,0,0,0,0,73,50,37,0,0,251,115,0
Chittenden,366,302,64,0,0,0,0,98,53,39,0,0,206,160,0
Rutland,366,283,83,0,0,0,0,97,56,39,0,0,157,209,0
Windham,113,113,0,0,0,0,0,42,25,12,0,0,0,113,0
St Croix,59,50,9,0,0,0,0,84,58,25,0,0,0,59,0
St John,111,95,16,0,0,0,0,84,55,21,0,0,0,111,0
St Thomas,75,58,17,0,0,0,0,75,61,31,0,0,0,75,0
Albemarle,363,287,76,0,0,0,0,70,53,41,0,0,115,248,0
Arlington,366,332,34,0,0,0,0,90,49,34,1,37,267,61,0
Bristol City,116,99,17,0,0,0,0,60,53,32,0,0,0,116,0
Caroline,235,232,3,0,0,0,0,64,45,34,0,0,235,0,0
Carroll,56,56,0,0,0,0,0,15,12,7,0,0,0,0,56
Charles,364,347,17,0,0,0,0,67,45,31,0,88,203,73,0
Chesterfield,279,265,14,0,0,0,0,61,46,34,0,0,204,75,0
Fairfax,366,236,130,0,0,0,0,100,58,44,0,9,112,245,0
Fauquier,242,241,1,0,0,0,0,61,42,31,0,0,242,0,0
Frederick,304,249,55,0,0,0,0,81,53,39,0,0,122,182,0
Giles,342,337,5,0,0,0,0,67,45,36,0,0,342,0,0
Hampton City,366,316,50,0,0,0,0,68,52,37,4,3,149,210,0
Hanover,245,243,2,0,0,0,0,64,45,34,0,0,245,0,0
Henrico,366,287,79,0,0,0,0,71,55,41,1,2,140,223,0
Hopewell City,48,48,0,0,0,0,0,15,13,6,0,0,0,0,48
Loudoun,366,339,26,1,0,0,0,108,48,34,0,24,285,57,0
Lynchburg City,110,99,11,0,0,0,0,59,51,28,0,0,0,110,0
Madison,363,351,12,0,0,0,0,55,46,37,0,0,328,35,0
Norfolk City,365,349,16,0,0,0,0,64,36,18,11,256,0,97,1
Prince Edward,361,361,0,0,0,0,0,49,42,30,0,0,361,0,0
Prince William,364,357,7,0,0,0,0,74,44,32,0,1,363,0,0
Richmond City,364,294,70,0,0,0,0,80,54,37,1,61,0,302,0
Roanoke,366,277,89,0,0,0,0,72,55,40,0,3,103,260,0
Rockbridge,284,282,2,0,0,0,0,54,43,31,0,0,221,63,0
Rockingham,363,344,19,0,0,0,0,77,46,33,0,93,212,58,0
Salem City,110,94,16,0,0,0,0,69,53,31,0,0,0,110,0
Stafford,362,357,5,0,0,0,0,84,44,32,0,0,360,0,2
Suffolk City,245,242,3,0,0,0,0,67,44,36,0,0,245,0,0
Virginia Beach City,109,95,14,0,0,0,0,74,54,30,0,0,0,109,0
Winchester City,58,58,0,0,0,0,0,18,12,6,0,0,0,0,58
Wythe,235,233,2,0,0,0,0,61,45,34,0,0,235,0,0
Adams,364,345,11,0,5,3,0,266,43,17,0,0,0,364,0
Asotin,350,229,112,2,1,5,1,328,66,38,0,0,0,350,0
Benton,365,284,69,3,3,1,5,954,58,35,0,0,107,207,51
Chelan,366,274,80,1,6,1,4,817,59,28,0,0,0,366,0
Clallam,366,304,55,1,1,2,3,368,54,37,0,0,166,200,0
Clark,366,272,85,1,0,3,5,874,62,32,0,0,51,315,0
Columbia,365,323,34,0,5,3,0,258,52,23,0,0,18,347,0
Cowlitz,366,331,26,1,3,5,0,282,50,21,0,0,0,366,0
Franklin,336,313,15,0,5,3,0,284,46,18,0,0,0,336,0
Garfield,335,305,21,2,5,2,0,252,48,19,0,0,0,335,0
Grant,366,325,31,2,4,3,1,316,52,21,0,0,0,366,0
Grays Harbor,366,330,28,1,2,5,0,242,50,27,0,0,0,366,0
Jefferson,340,321,11,2,2,4,0,232,43,23,0,0,0,340,0
King,366,248,106,3,4,5,0,299,66,43,0,14,65,287,0
Kitsap,361,322,30,3,1,5,0,245,51,23,0,0,0,361,0
Kittitas,365,297,57,2,3,2,4,724,59,24,0,0,0,365,0
Klickitat,318,284,25,0,2,0,7,1358,51,22,0,0,0,318,0
Lewis,335,314,20,0,0,1,0,258,46,25,0,0,0,335,0
Mason,357,312,36,2,2,1,4,397,52,23,0,0,0,357,0
Okanogan,366,196,157,1,6,2,4,618,74,47,0,0,0,366,0
Pend Oreille,20,11,9,0,0,0,0,63,58,47,0,0,0,20,0
Pierce,366,256,99,4,3,4,0,256,66,42,0,6,197,163,0
Skagit,272,266,6,0,0,0,0,57,39,21,0,0,17,255,0
Snohomish,366,234,122,3,3,4,0,250,68,40,0,0,0,366,0
Spokane,366,286,73,0,1,2,4,785,58,36,0,0,102,248,16
Stevens,366,219,138,1,2,2,4,957,66,42,0,0,0,354,12
Thurston,366,316,43,0,3,4,0,242,53,28,0,0,118,248,0
Walla Walla,366,297,60,0,1,2,6,855,55,26,0,0,0,201,165
Whatcom,366,341,16,2,4,3,0,237,44,24,0,0,120,246,0
Whitman,366,335,23,1,5,2,0,237,47,19,0,0,0,366,0
Yakima,366,198,153,6,2,3,4,743,79,46,0,0,0,366,0
Berkeley,278,244,34,0,0,0,0,95,52,38,0,0,205,73,0
Brooke,366,318,48,0,0,0,0,78,52,18,0,0,0,121,245
Cabell,284,252,32,0,0,0,0,100,51,37,0,0,208,76,0
Gilmer,363,363,0,0,0,0,0,49,41,29,0,0,363,0,0
Greenbrier,234,232,2,0,0,0,0,54,44,34,0,0,234,0,0
Hancock,307,262,44,1,0,0,0,133,54,37,0,0,195,67,45
Harrison,118,99,19,0,0,0,0,80,53,35,0,0,0,118,0
Kanawha,366,287,79,0,0,0,0,85,55,41,0,0,162,204,0
Marion,74,57,17,0,0,0,0,70,55,35,0,0,0,74,0
Marshall,118,87,31,0,0,0,0,72,57,41,0,0,0,118,0
Monongalia,274,248,26,0,0,0,0,90,50,39,0,0,213,61,0
Ohio,274,232,41,1,0,0,0,101,54,40,0,0,201,73,0
Tucker,359,357,2,0,0,0,0,51,44,34,0,0,349,10,0
Wood,283,250,33,0,0,0,0,80,52,37,0,0,203,80,0
Ashland,366,336,30,0,0,0,0,72,48,34,0,0,244,122,0
Brown,366,261,104,1,0,0,0,119,59,39,0,0,127,239,0
Columbia,203,187,12,4,0,0,0,115,48,38,0,0,203,0,0
Dane,366,222,142,2,0,0,0,112,63,44,0,0,104,262,0
Dodge,366,247,117,2,0,0,0,136,61,42,0,0,168,196,2
Door,205,184,17,4,0,0,0,150,51,36,0,0,205,0,0
Eau Claire,366,256,110,0,0,0,0,93,59,42,0,0,128,238,0
Fond du Lac,205,194,9,2,0,0,0,115,46,36,0,0,205,0,0
Forest,366,311,55,0,0,0,0,93,54,36,0,0,221,145,0
Grant,361,235,126,0,0,0,0,84,60,40,0,0,0,361,0
Jefferson,210,189,17,4,0,0,0,136,51,38,0,0,210,0,0
Kenosha,361,238,112,10,1,0,0,197,67,43,0,0,188,173,0
Kewaunee,207,195,12,0,0,0,0,97,47,34,0,0,207,0,0
La Crosse,364,255,109,0,0,0,0,93,59,42,0,0,128,236,0
Manitowoc,192,169,19,4,0,0,0,136,58,36,0,0,192,0,0
Marathon,199,193,6,0,0,0,0,74,45,31,0,0,199,0,0
Milwaukee,366,204,157,4,1,0,0,169,67,46,0,4,130,232,0
Outagamie,366,254,110,2,0,0,0,126,60,40,0,0,131,235,0
Ozaukee,365,269,91,4,1,0,0,164,62,40,0,0,167,198,0
Racine,199,162,29,7,1,0,0,172,67,38,0,0,199,0,0
Rock,210,192,15,3,0,0,0,105,49,38,0,0,210,0,0
Sauk,366,264,101,1,0,0,0,112,59,41,0,0,124,242,0
Sheboygan,207,170,31,4,2,0,0,159,74,39,0,0,207,0,0
Taylor,366,299,67,0,0,0,0,80,54,38,0,0,209,157,0
Vilas,366,327,39,0,0,0,0,84,51,33,0,0,166,200,0
Walworth,198,180,14,4,0,0,0,136,50,39,0,0,198,0,0
Waukesha,359,214,143,2,0,0,0,129,64,44,0,0,110,249,0
Albany,366,251,106,7,2,0,0,187,71,46,0,0,285,13,68
Big Horn,359,349,8,2,0,0,0,126,46,38,0,0,359,0,0
Campbell,366,247,116,3,0,0,0,124,68,44,0,1,195,4,166
Carbon,304,304,0,0,0,0,0,31,21,8,0,304,0,0,0
Converse,366,302,60,4,0,0,0,129,61,42,0,0,269,18,79
Fremont,366,282,78,5,1,0,0,161,60,45,0,0,312,50,4
Johnson,364,337,27,0,0,0,0,93,50,40,0,2,355,0,7
Laramie,366,313,48,3,2,0,0,159,58,39,0,4,279,65,18
Lincoln,366,357,9,0,0,0,0,71,34,15,0,0,0,0,366
Natrona,366,316,46,4,0,0,0,124,54,42,0,3,332,31,0
Park,122,112,8,2,0,0,0,113,41,15,0,0,0,118,4
Platte,224,202,20,1,0,1,0,283,50,19,0,0,0,0,224
Sheridan,366,334,32,0,0,0,0,100,48,40,0,0,327,37,2
Sublette,366,289,72,4,1,0,0,151,63,45,0,0,344,22,0
Sweetwater,366,235,119,7,4,0,1,1334,76,46,0,5,248,14,99
Teton,366,312,42,7,5,0,0,165,57,43,0,0,315,51,0
Uinta,366,323,41,2,0,0,0,122,51,40,0,2,225,0,139
Weston,353,323,29,1,0,0,0,119,49,40,0,0,353,0,0
